mode: atomic
github.com/zR-JB/graphite-meter/go/cmd/graphite-meter/main.go:21.13,22.56 1 0
github.com/zR-JB/graphite-meter/go/cmd/graphite-meter/main.go:22.56,23.40 1 0
github.com/zR-JB/graphite-meter/go/cmd/graphite-meter/main.go:23.40,25.4 1 0
github.com/zR-JB/graphite-meter/go/cmd/graphite-meter/main.go:26.3,26.9 1 0
github.com/zR-JB/graphite-meter/go/cmd/graphite-meter/main.go:28.2,29.16 2 0
github.com/zR-JB/graphite-meter/go/cmd/graphite-meter/main.go:29.16,31.3 1 0
github.com/zR-JB/graphite-meter/go/cmd/graphite-meter/main.go:33.2,35.39 3 0
github.com/zR-JB/graphite-meter/go/cmd/graphite-meter/main.go:35.39,37.3 1 0
github.com/zR-JB/graphite-meter/go/cmd/graphite-meter/main.go:39.2,42.46 3 0
github.com/zR-JB/graphite-meter/go/cmd/graphite-meter/main.go:42.46,44.3 1 0
github.com/zR-JB/graphite-meter/go/cmd/graphite-meter/main.go:47.27,51.16 4 0
github.com/zR-JB/graphite-meter/go/cmd/graphite-meter/main.go:51.16,53.3 1 0
github.com/zR-JB/graphite-meter/go/cmd/graphite-meter/main.go:54.2,56.16 3 0
github.com/zR-JB/graphite-meter/go/cmd/graphite-meter/main.go:56.16,58.3 1 0
github.com/zR-JB/graphite-meter/go/cmd/graphite-meter/main.go:59.2,59.21 1 0
github.com/zR-JB/graphite-meter/go/cmd/graphite-meter/main.go:59.21,61.3 1 0
github.com/zR-JB/graphite-meter/go/cmd/graphite-meter/main.go:62.2,63.16 2 0
github.com/zR-JB/graphite-meter/go/cmd/graphite-meter/main.go:63.16,65.3 1 0
github.com/zR-JB/graphite-meter/go/cmd/graphite-meter/main.go:66.2,67.12 2 0
github.com/zR-JB/graphite-meter/go/cmd/graphite-meter/main.go:70.58,81.121 11 6
github.com/zR-JB/graphite-meter/go/cmd/graphite-meter/main.go:81.121,83.17 2 0
github.com/zR-JB/graphite-meter/go/cmd/graphite-meter/main.go:83.17,86.4 2 0
github.com/zR-JB/graphite-meter/go/cmd/graphite-meter/main.go:87.3,87.13 1 0
github.com/zR-JB/graphite-meter/go/cmd/graphite-meter/main.go:89.2,89.124 1 6
github.com/zR-JB/graphite-meter/go/cmd/graphite-meter/main.go:89.124,89.178 2 0
github.com/zR-JB/graphite-meter/go/cmd/graphite-meter/main.go:90.2,90.113 1 6
github.com/zR-JB/graphite-meter/go/cmd/graphite-meter/main.go:90.113,90.173 2 0
github.com/zR-JB/graphite-meter/go/cmd/graphite-meter/main.go:91.2,91.106 1 6
github.com/zR-JB/graphite-meter/go/cmd/graphite-meter/main.go:91.106,91.163 2 0
github.com/zR-JB/graphite-meter/go/cmd/graphite-meter/main.go:92.2,106.109 15 6
github.com/zR-JB/graphite-meter/go/cmd/graphite-meter/main.go:106.109,110.3 3 1
github.com/zR-JB/graphite-meter/go/cmd/graphite-meter/main.go:111.2,111.103 1 6
github.com/zR-JB/graphite-meter/go/cmd/graphite-meter/main.go:114.102,115.48 1 36
github.com/zR-JB/graphite-meter/go/cmd/graphite-meter/main.go:115.48,119.3 3 2
github.com/zR-JB/graphite-meter/go/cmd/graphite-meter/main.go:122.43,124.49 2 1
github.com/zR-JB/graphite-meter/go/cmd/graphite-meter/main.go:124.49,125.49 1 1
github.com/zR-JB/graphite-meter/go/cmd/graphite-meter/main.go:125.49,127.4 1 0
github.com/zR-JB/graphite-meter/go/cmd/graphite-meter/main.go:129.2,129.15 1 1
github.com/zR-JB/graphite-meter/go/internal/config/config.go:70.23,80.2 1 21
github.com/zR-JB/graphite-meter/go/internal/config/config.go:82.29,97.4 2 7
github.com/zR-JB/graphite-meter/go/internal/config/config.go:97.4,98.40 1 147
github.com/zR-JB/graphite-meter/go/internal/config/config.go:98.40,100.73 2 8
github.com/zR-JB/graphite-meter/go/internal/config/config.go:100.73,102.5 1 1
github.com/zR-JB/graphite-meter/go/internal/config/config.go:105.2,105.62 1 7
github.com/zR-JB/graphite-meter/go/internal/config/config.go:105.62,108.3 2 0
github.com/zR-JB/graphite-meter/go/internal/config/config.go:109.2,109.65 1 7
github.com/zR-JB/graphite-meter/go/internal/config/config.go:109.65,111.17 2 1
github.com/zR-JB/graphite-meter/go/internal/config/config.go:111.17,113.4 1 0
github.com/zR-JB/graphite-meter/go/internal/config/config.go:114.3,115.55 2 1
github.com/zR-JB/graphite-meter/go/internal/config/config.go:117.2,122.4 1 7
github.com/zR-JB/graphite-meter/go/internal/config/config.go:122.4,123.40 1 21
github.com/zR-JB/graphite-meter/go/internal/config/config.go:123.40,125.4 1 2
github.com/zR-JB/graphite-meter/go/internal/config/config.go:127.2,128.63 2 7
github.com/zR-JB/graphite-meter/go/internal/config/config.go:128.63,130.3 1 0
github.com/zR-JB/graphite-meter/go/internal/config/config.go:131.2,137.4 1 7
github.com/zR-JB/graphite-meter/go/internal/config/config.go:137.4,138.55 1 28
github.com/zR-JB/graphite-meter/go/internal/config/config.go:138.55,140.4 1 0
github.com/zR-JB/graphite-meter/go/internal/config/config.go:142.2,142.58 1 7
github.com/zR-JB/graphite-meter/go/internal/config/config.go:142.58,143.70 1 0
github.com/zR-JB/graphite-meter/go/internal/config/config.go:143.70,145.4 1 0
github.com/zR-JB/graphite-meter/go/internal/config/config.go:147.2,147.51 1 7
github.com/zR-JB/graphite-meter/go/internal/config/config.go:147.51,148.45 1 4
github.com/zR-JB/graphite-meter/go/internal/config/config.go:148.45,150.18 2 5
github.com/zR-JB/graphite-meter/go/internal/config/config.go:150.18,152.5 1 0
github.com/zR-JB/graphite-meter/go/internal/config/config.go:158.4,158.26 1 5
github.com/zR-JB/graphite-meter/go/internal/config/config.go:158.26,160.5 1 3
github.com/zR-JB/graphite-meter/go/internal/config/config.go:161.4,161.64 1 2
github.com/zR-JB/graphite-meter/go/internal/config/config.go:164.2,164.15 1 4
github.com/zR-JB/graphite-meter/go/internal/config/config.go:167.37,169.48 2 4
github.com/zR-JB/graphite-meter/go/internal/config/config.go:169.48,170.52 1 6
github.com/zR-JB/graphite-meter/go/internal/config/config.go:170.52,172.4 1 6
github.com/zR-JB/graphite-meter/go/internal/config/config.go:174.2,174.12 1 4
github.com/zR-JB/graphite-meter/go/internal/config/config.go:177.65,179.32 2 4
github.com/zR-JB/graphite-meter/go/internal/config/config.go:180.18,181.18 1 1
github.com/zR-JB/graphite-meter/go/internal/config/config.go:182.13,183.78 1 1
github.com/zR-JB/graphite-meter/go/internal/config/config.go:183.78,185.4 1 4
github.com/zR-JB/graphite-meter/go/internal/config/config.go:186.3,186.18 1 1
github.com/zR-JB/graphite-meter/go/internal/config/config.go:188.2,188.39 1 2
github.com/zR-JB/graphite-meter/go/internal/config/config.go:188.39,189.16 1 3
github.com/zR-JB/graphite-meter/go/internal/config/config.go:190.55,191.21 1 2
github.com/zR-JB/graphite-meter/go/internal/config/config.go:192.11,193.56 1 1
github.com/zR-JB/graphite-meter/go/internal/config/config.go:196.2,196.17 1 1
github.com/zR-JB/graphite-meter/go/internal/config/config.go:199.49,200.14 1 26
github.com/zR-JB/graphite-meter/go/internal/config/config.go:201.21,202.27 1 10
github.com/zR-JB/graphite-meter/go/internal/config/config.go:203.19,204.30 1 6
github.com/zR-JB/graphite-meter/go/internal/config/config.go:205.16,206.27 1 7
github.com/zR-JB/graphite-meter/go/internal/config/config.go:207.16,208.27 1 3
github.com/zR-JB/graphite-meter/go/internal/config/config.go:210.2,210.14 1 0
github.com/zR-JB/graphite-meter/go/internal/config/config.go:213.52,215.2 1 23
github.com/zR-JB/graphite-meter/go/internal/config/config.go:217.56,219.9 2 7
github.com/zR-JB/graphite-meter/go/internal/config/config.go:219.9,221.3 1 7
github.com/zR-JB/graphite-meter/go/internal/config/config.go:222.2,222.47 1 0
github.com/zR-JB/graphite-meter/go/internal/config/config.go:223.19,224.19 1 0
github.com/zR-JB/graphite-meter/go/internal/config/config.go:225.20,226.20 1 0
github.com/zR-JB/graphite-meter/go/internal/config/config.go:227.10,228.65 1 0
github.com/zR-JB/graphite-meter/go/internal/config/config.go:232.53,234.9 2 28
github.com/zR-JB/graphite-meter/go/internal/config/config.go:234.9,236.3 1 28
github.com/zR-JB/graphite-meter/go/internal/config/config.go:237.2,238.16 2 0
github.com/zR-JB/graphite-meter/go/internal/config/config.go:238.16,240.3 1 0
github.com/zR-JB/graphite-meter/go/internal/config/config.go:241.2,241.15 1 0
github.com/zR-JB/graphite-meter/go/internal/config/config.go:244.56,245.29 1 20
github.com/zR-JB/graphite-meter/go/internal/config/config.go:245.29,247.3 1 3
github.com/zR-JB/graphite-meter/go/internal/config/config.go:248.2,249.218 2 17
github.com/zR-JB/graphite-meter/go/internal/config/config.go:252.34,253.41 1 19
github.com/zR-JB/graphite-meter/go/internal/config/config.go:253.41,255.3 1 7
github.com/zR-JB/graphite-meter/go/internal/config/config.go:256.2,256.43 1 12
github.com/zR-JB/graphite-meter/go/internal/config/config.go:256.43,258.3 1 0
github.com/zR-JB/graphite-meter/go/internal/config/config.go:259.2,259.46 1 12
github.com/zR-JB/graphite-meter/go/internal/config/config.go:259.46,261.3 1 2
github.com/zR-JB/graphite-meter/go/internal/config/config.go:262.2,262.34 1 10
github.com/zR-JB/graphite-meter/go/internal/config/config.go:265.40,269.242 1 12
github.com/zR-JB/graphite-meter/go/internal/config/config.go:269.242,270.19 1 48
github.com/zR-JB/graphite-meter/go/internal/config/config.go:270.19,272.4 1 0
github.com/zR-JB/graphite-meter/go/internal/config/config.go:274.2,274.64 1 12
github.com/zR-JB/graphite-meter/go/internal/config/config.go:274.64,276.3 1 0
github.com/zR-JB/graphite-meter/go/internal/config/config.go:277.2,277.50 1 12
github.com/zR-JB/graphite-meter/go/internal/config/config.go:277.50,279.3 1 0
github.com/zR-JB/graphite-meter/go/internal/config/config.go:280.2,280.33 1 12
github.com/zR-JB/graphite-meter/go/internal/config/config.go:280.33,282.3 1 0
github.com/zR-JB/graphite-meter/go/internal/config/config.go:283.2,283.12 1 12
github.com/zR-JB/graphite-meter/go/internal/config/config.go:286.43,287.23 1 12
github.com/zR-JB/graphite-meter/go/internal/config/config.go:287.23,289.3 1 0
github.com/zR-JB/graphite-meter/go/internal/config/config.go:290.2,290.68 1 12
github.com/zR-JB/graphite-meter/go/internal/config/config.go:290.68,291.40 1 5
github.com/zR-JB/graphite-meter/go/internal/config/config.go:291.40,293.4 1 1
github.com/zR-JB/graphite-meter/go/internal/config/config.go:295.2,296.30 2 11
github.com/zR-JB/graphite-meter/go/internal/config/config.go:296.30,297.37 1 44
github.com/zR-JB/graphite-meter/go/internal/config/config.go:297.37,298.40 1 66
github.com/zR-JB/graphite-meter/go/internal/config/config.go:298.40,300.5 1 0
github.com/zR-JB/graphite-meter/go/internal/config/config.go:303.2,303.27 1 11
github.com/zR-JB/graphite-meter/go/internal/config/config.go:303.27,304.40 1 5
github.com/zR-JB/graphite-meter/go/internal/config/config.go:304.40,305.30 1 3
github.com/zR-JB/graphite-meter/go/internal/config/config.go:305.30,307.5 1 1
github.com/zR-JB/graphite-meter/go/internal/config/config.go:310.2,310.12 1 10
github.com/zR-JB/graphite-meter/go/internal/config/config.go:313.47,314.277 1 10
github.com/zR-JB/graphite-meter/go/internal/config/config.go:314.277,315.62 1 39
github.com/zR-JB/graphite-meter/go/internal/config/config.go:315.62,317.4 1 1
github.com/zR-JB/graphite-meter/go/internal/config/config.go:319.2,322.146 1 9
github.com/zR-JB/graphite-meter/go/internal/config/config.go:322.146,323.34 1 25
github.com/zR-JB/graphite-meter/go/internal/config/config.go:323.34,324.37 1 8
github.com/zR-JB/graphite-meter/go/internal/config/config.go:324.37,326.5 1 1
github.com/zR-JB/graphite-meter/go/internal/config/config.go:329.2,329.62 1 8
github.com/zR-JB/graphite-meter/go/internal/config/config.go:329.62,331.3 1 2
github.com/zR-JB/graphite-meter/go/internal/config/config.go:332.2,332.202 1 6
github.com/zR-JB/graphite-meter/go/internal/config/config.go:332.202,334.3 1 1
github.com/zR-JB/graphite-meter/go/internal/config/config.go:335.2,335.12 1 5
github.com/zR-JB/graphite-meter/go/internal/config/config.go:341.59,343.240 2 8
github.com/zR-JB/graphite-meter/go/internal/config/config.go:343.240,344.66 1 31
github.com/zR-JB/graphite-meter/go/internal/config/config.go:344.66,345.12 1 27
github.com/zR-JB/graphite-meter/go/internal/config/config.go:347.3,348.70 2 4
github.com/zR-JB/graphite-meter/go/internal/config/config.go:348.70,350.4 1 1
github.com/zR-JB/graphite-meter/go/internal/config/config.go:351.3,351.33 1 3
github.com/zR-JB/graphite-meter/go/internal/config/config.go:353.2,353.73 1 7
github.com/zR-JB/graphite-meter/go/internal/config/config.go:353.73,354.40 1 13
github.com/zR-JB/graphite-meter/go/internal/config/config.go:354.40,355.52 1 6
github.com/zR-JB/graphite-meter/go/internal/config/config.go:355.52,357.5 1 1
github.com/zR-JB/graphite-meter/go/internal/config/config.go:360.2,360.12 1 6
github.com/zR-JB/graphite-meter/go/internal/config/config.go:363.38,365.16 2 19
github.com/zR-JB/graphite-meter/go/internal/config/config.go:366.43,366.43 0 19
github.com/zR-JB/graphite-meter/go/internal/config/config.go:367.10,368.75 1 0
github.com/zR-JB/graphite-meter/go/internal/config/config.go:370.2,370.21 1 19
github.com/zR-JB/graphite-meter/go/internal/config/config.go:370.21,371.21 1 13
github.com/zR-JB/graphite-meter/go/internal/config/config.go:371.21,373.4 1 2
github.com/zR-JB/graphite-meter/go/internal/config/config.go:374.3,374.13 1 11
github.com/zR-JB/graphite-meter/go/internal/config/config.go:376.2,377.16 2 6
github.com/zR-JB/graphite-meter/go/internal/config/config.go:377.16,379.3 1 2
github.com/zR-JB/graphite-meter/go/internal/config/config.go:380.2,380.45 1 4
github.com/zR-JB/graphite-meter/go/internal/config/config.go:380.45,382.3 1 1
github.com/zR-JB/graphite-meter/go/internal/config/config.go:383.2,383.41 1 3
github.com/zR-JB/graphite-meter/go/internal/config/config.go:383.41,385.3 1 0
github.com/zR-JB/graphite-meter/go/internal/config/config.go:386.2,386.51 1 3
github.com/zR-JB/graphite-meter/go/internal/config/config.go:391.39,395.2 1 13
github.com/zR-JB/graphite-meter/go/internal/config/config.go:397.59,398.47 1 6
github.com/zR-JB/graphite-meter/go/internal/config/config.go:398.47,400.3 1 1
github.com/zR-JB/graphite-meter/go/internal/config/config.go:401.2,402.31 2 5
github.com/zR-JB/graphite-meter/go/internal/config/config.go:402.31,404.3 1 1
github.com/zR-JB/graphite-meter/go/internal/config/config.go:405.2,405.23 1 4
github.com/zR-JB/graphite-meter/go/internal/config/config.go:408.46,409.54 1 4
github.com/zR-JB/graphite-meter/go/internal/config/config.go:409.54,411.3 1 1
github.com/zR-JB/graphite-meter/go/internal/config/config.go:412.2,413.73 2 3
github.com/zR-JB/graphite-meter/go/internal/config/config.go:413.73,415.3 1 3
github.com/zR-JB/graphite-meter/go/internal/config/config.go:416.2,416.19 1 0
github.com/zR-JB/graphite-meter/go/internal/config/config.go:416.19,418.3 1 0
github.com/zR-JB/graphite-meter/go/internal/config/config.go:419.2,419.89 1 0
github.com/zR-JB/graphite-meter/go/internal/config/config.go:422.42,423.56 1 3
github.com/zR-JB/graphite-meter/go/internal/config/config.go:423.56,425.3 1 0
github.com/zR-JB/graphite-meter/go/internal/config/config.go:426.2,429.32 4 3
github.com/zR-JB/graphite-meter/go/internal/config/config.go:429.32,431.3 1 0
github.com/zR-JB/graphite-meter/go/internal/config/config.go:432.2,432.27 1 3
github.com/zR-JB/graphite-meter/go/internal/config/config.go:432.27,434.3 1 0
github.com/zR-JB/graphite-meter/go/internal/config/config.go:435.2,435.15 1 3
github.com/zR-JB/graphite-meter/go/internal/config/config.go:435.15,437.144 2 0
github.com/zR-JB/graphite-meter/go/internal/config/config.go:437.144,439.4 1 0
github.com/zR-JB/graphite-meter/go/internal/config/config.go:441.2,441.42 1 3
github.com/zR-JB/graphite-meter/go/internal/config/config.go:444.64,445.62 1 3
github.com/zR-JB/graphite-meter/go/internal/config/config.go:445.62,447.3 1 0
github.com/zR-JB/graphite-meter/go/internal/config/config.go:448.2,448.34 1 3
github.com/zR-JB/graphite-meter/go/internal/config/config.go:448.34,450.3 1 0
github.com/zR-JB/graphite-meter/go/internal/config/config.go:451.2,451.39 1 3
github.com/zR-JB/graphite-meter/go/internal/config/config.go:451.39,452.27 1 24
github.com/zR-JB/graphite-meter/go/internal/config/config.go:452.27,454.4 1 0
github.com/zR-JB/graphite-meter/go/internal/config/config.go:456.2,456.12 1 3
github.com/zR-JB/graphite-meter/go/internal/config/config.go:461.70,462.39 1 3
github.com/zR-JB/graphite-meter/go/internal/config/config.go:462.39,464.3 1 1
github.com/zR-JB/graphite-meter/go/internal/config/config.go:465.2,465.42 1 2
github.com/zR-JB/graphite-meter/go/internal/config/config.go:465.42,466.37 1 8
github.com/zR-JB/graphite-meter/go/internal/config/config.go:466.37,468.4 1 6
github.com/zR-JB/graphite-meter/go/internal/config/config.go:469.3,470.95 2 2
github.com/zR-JB/graphite-meter/go/internal/config/config.go:470.95,472.4 1 1
github.com/zR-JB/graphite-meter/go/internal/config/config.go:473.3,473.13 1 1
github.com/zR-JB/graphite-meter/go/internal/config/config.go:475.2,477.4 1 2
github.com/zR-JB/graphite-meter/go/internal/config/config.go:477.4,478.48 1 6
github.com/zR-JB/graphite-meter/go/internal/config/config.go:478.48,480.4 1 0
github.com/zR-JB/graphite-meter/go/internal/config/config.go:482.2,487.4 1 2
github.com/zR-JB/graphite-meter/go/internal/config/config.go:487.4,488.34 1 5
github.com/zR-JB/graphite-meter/go/internal/config/config.go:488.34,489.47 1 2
github.com/zR-JB/graphite-meter/go/internal/config/config.go:489.47,491.5 1 1
github.com/zR-JB/graphite-meter/go/internal/config/config.go:494.2,494.12 1 1
github.com/zR-JB/graphite-meter/go/internal/origin/origin.go:12.29,14.56 2 12
github.com/zR-JB/graphite-meter/go/internal/origin/origin.go:14.56,16.3 1 1
github.com/zR-JB/graphite-meter/go/internal/origin/origin.go:17.2,20.80 4 11
github.com/zR-JB/graphite-meter/go/internal/origin/origin.go:20.80,22.3 1 6
github.com/zR-JB/graphite-meter/go/internal/origin/origin.go:23.2,23.16 1 11
github.com/zR-JB/graphite-meter/go/internal/origin/origin.go:23.16,25.3 1 1
github.com/zR-JB/graphite-meter/go/internal/origin/origin.go:25.8,25.40 1 10
github.com/zR-JB/graphite-meter/go/internal/origin/origin.go:25.40,27.3 1 3
github.com/zR-JB/graphite-meter/go/internal/origin/origin.go:28.2,28.30 1 11
github.com/zR-JB/graphite-meter/go/internal/origin/origin.go:31.30,33.2 1 4
github.com/zR-JB/graphite-meter/go/internal/auth/cmd/authpreview/main.go:12.13,16.65 4 0
github.com/zR-JB/graphite-meter/go/internal/auth/cmd/authpreview/main.go:16.65,18.3 1 0
github.com/zR-JB/graphite-meter/go/internal/auth/cmd/authpreview/main.go:19.2,21.81 3 0
github.com/zR-JB/graphite-meter/go/internal/auth/cmd/authassets/main.go:20.13,23.31 3 0
github.com/zR-JB/graphite-meter/go/internal/auth/cmd/authassets/main.go:23.31,25.17 2 0
github.com/zR-JB/graphite-meter/go/internal/auth/cmd/authassets/main.go:25.17,26.14 1 0
github.com/zR-JB/graphite-meter/go/internal/auth/cmd/authassets/main.go:28.3,28.84 1 0
github.com/zR-JB/graphite-meter/go/internal/auth/cmd/authassets/main.go:30.2,31.16 2 0
github.com/zR-JB/graphite-meter/go/internal/auth/cmd/authassets/main.go:31.16,32.13 1 0
github.com/zR-JB/graphite-meter/go/internal/auth/cmd/authassets/main.go:34.2,34.78 1 0
github.com/zR-JB/graphite-meter/go/internal/auth/cmd/authassets/main.go:34.78,35.13 1 0
github.com/zR-JB/graphite-meter/go/internal/endpoint/download.go:28.56,30.2 1 4
github.com/zR-JB/graphite-meter/go/internal/endpoint/download.go:32.48,32.69 1 0
github.com/zR-JB/graphite-meter/go/internal/endpoint/download.go:33.48,33.83 1 0
github.com/zR-JB/graphite-meter/go/internal/endpoint/download.go:39.54,43.30 2 5
github.com/zR-JB/graphite-meter/go/internal/endpoint/download.go:43.30,48.3 4 4
github.com/zR-JB/graphite-meter/go/internal/endpoint/download.go:50.2,51.16 2 5
github.com/zR-JB/graphite-meter/go/internal/endpoint/download.go:51.16,53.3 1 0
github.com/zR-JB/graphite-meter/go/internal/endpoint/download.go:55.2,62.12 7 5
github.com/zR-JB/graphite-meter/go/internal/endpoint/download.go:62.12,63.10 1 18
github.com/zR-JB/graphite-meter/go/internal/endpoint/download.go:64.21,65.14 1 2
github.com/zR-JB/graphite-meter/go/internal/endpoint/download.go:66.11,66.11 0 16
github.com/zR-JB/graphite-meter/go/internal/endpoint/download.go:68.3,69.16 2 16
github.com/zR-JB/graphite-meter/go/internal/endpoint/download.go:69.16,71.4 1 2
github.com/zR-JB/graphite-meter/go/internal/endpoint/download.go:72.3,76.22 5 16
github.com/zR-JB/graphite-meter/go/internal/endpoint/download.go:76.22,78.4 1 14
github.com/zR-JB/graphite-meter/go/internal/endpoint/download.go:79.3,79.18 1 16
github.com/zR-JB/graphite-meter/go/internal/endpoint/download.go:79.18,81.4 1 0
github.com/zR-JB/graphite-meter/go/internal/endpoint/download.go:83.2,83.12 1 3
github.com/zR-JB/graphite-meter/go/internal/endpoint/download.go:88.35,89.15 1 10
github.com/zR-JB/graphite-meter/go/internal/endpoint/download.go:89.15,91.3 1 1
github.com/zR-JB/graphite-meter/go/internal/endpoint/download.go:92.2,93.25 2 9
github.com/zR-JB/graphite-meter/go/internal/endpoint/download.go:93.25,95.3 1 2
github.com/zR-JB/graphite-meter/go/internal/endpoint/download.go:96.2,96.18 1 7
github.com/zR-JB/graphite-meter/go/internal/endpoint/download.go:96.18,98.3 1 1
github.com/zR-JB/graphite-meter/go/internal/endpoint/download.go:99.2,99.10 1 6
github.com/zR-JB/graphite-meter/go/internal/endpoint/meter.go:29.35,29.64 1 0
github.com/zR-JB/graphite-meter/go/internal/endpoint/meter.go:32.28,33.14 1 130
github.com/zR-JB/graphite-meter/go/internal/endpoint/meter.go:33.14,35.3 1 0
github.com/zR-JB/graphite-meter/go/internal/endpoint/meter.go:39.24,40.14 1 10
github.com/zR-JB/graphite-meter/go/internal/endpoint/meter.go:40.14,42.3 1 0
github.com/zR-JB/graphite-meter/go/internal/endpoint/meter.go:45.25,46.14 1 10
github.com/zR-JB/graphite-meter/go/internal/endpoint/meter.go:46.14,48.3 1 0
github.com/zR-JB/graphite-meter/go/internal/endpoint/meter.go:54.42,55.14 1 0
github.com/zR-JB/graphite-meter/go/internal/endpoint/meter.go:55.14,57.3 1 0
github.com/zR-JB/graphite-meter/go/internal/endpoint/meter.go:58.2,62.6 5 0
github.com/zR-JB/graphite-meter/go/internal/endpoint/meter.go:62.6,63.10 1 0
github.com/zR-JB/graphite-meter/go/internal/endpoint/meter.go:64.21,65.10 1 0
github.com/zR-JB/graphite-meter/go/internal/endpoint/meter.go:66.26,71.32 5 0
github.com/zR-JB/graphite-meter/go/internal/endpoint/meter.go:71.32,73.13 2 0
github.com/zR-JB/graphite-meter/go/internal/endpoint/meter.go:75.4,79.45 4 0
github.com/zR-JB/graphite-meter/go/internal/endpoint/ping.go:23.22,23.40 1 1
github.com/zR-JB/graphite-meter/go/internal/endpoint/ping.go:25.44,25.64 1 0
github.com/zR-JB/graphite-meter/go/internal/endpoint/ping.go:26.44,26.84 1 0
github.com/zR-JB/graphite-meter/go/internal/endpoint/ping.go:32.50,34.9 2 1
github.com/zR-JB/graphite-meter/go/internal/endpoint/ping.go:34.9,36.3 1 0
github.com/zR-JB/graphite-meter/go/internal/endpoint/ping.go:38.2,38.6 1 1
github.com/zR-JB/graphite-meter/go/internal/endpoint/ping.go:38.6,40.17 2 6
github.com/zR-JB/graphite-meter/go/internal/endpoint/ping.go:40.17,42.4 1 1
github.com/zR-JB/graphite-meter/go/internal/endpoint/ping.go:44.3,45.18 2 5
github.com/zR-JB/graphite-meter/go/internal/endpoint/ping.go:45.18,48.46 1 1
github.com/zR-JB/graphite-meter/go/internal/endpoint/ping.go:48.46,49.115 1 1
github.com/zR-JB/graphite-meter/go/internal/endpoint/ping.go:49.115,51.6 1 0
github.com/zR-JB/graphite-meter/go/internal/endpoint/ping.go:53.4,53.12 1 1
github.com/zR-JB/graphite-meter/go/internal/endpoint/ping.go:56.3,56.15 1 4
github.com/zR-JB/graphite-meter/go/internal/endpoint/ping.go:57.20,59.54 2 3
github.com/zR-JB/graphite-meter/go/internal/endpoint/ping.go:59.54,61.5 1 0
github.com/zR-JB/graphite-meter/go/internal/endpoint/ping.go:62.18,65.78 1 1
github.com/zR-JB/graphite-meter/go/internal/endpoint/ping.go:65.78,67.5 1 0
github.com/zR-JB/graphite-meter/go/internal/endpoint/ping.go:68.19,69.14 1 0
github.com/zR-JB/graphite-meter/go/internal/endpoint/ping.go:70.11,70.11 0 0
github.com/zR-JB/graphite-meter/go/internal/endpoint/preflight.go:23.50,25.44 2 5
github.com/zR-JB/graphite-meter/go/internal/endpoint/preflight.go:25.44,26.13 1 0
github.com/zR-JB/graphite-meter/go/internal/endpoint/preflight.go:28.2,28.68 1 5
github.com/zR-JB/graphite-meter/go/internal/endpoint/preflight.go:30.49,30.71 1 0
github.com/zR-JB/graphite-meter/go/internal/endpoint/preflight.go:31.49,31.84 1 0
github.com/zR-JB/graphite-meter/go/internal/endpoint/preflight.go:32.55,34.9 2 0
github.com/zR-JB/graphite-meter/go/internal/endpoint/preflight.go:34.9,36.3 1 0
github.com/zR-JB/graphite-meter/go/internal/endpoint/preflight.go:37.2,39.46 3 0
github.com/zR-JB/graphite-meter/go/internal/endpoint/preflight.go:42.59,44.16 2 5
github.com/zR-JB/graphite-meter/go/internal/endpoint/preflight.go:44.16,46.3 1 5
github.com/zR-JB/graphite-meter/go/internal/endpoint/preflight.go:47.2,49.47 3 5
github.com/zR-JB/graphite-meter/go/internal/endpoint/preflight.go:49.47,51.29 2 12
github.com/zR-JB/graphite-meter/go/internal/endpoint/preflight.go:51.29,52.48 1 11
github.com/zR-JB/graphite-meter/go/internal/endpoint/preflight.go:52.48,53.43 1 2
github.com/zR-JB/graphite-meter/go/internal/endpoint/preflight.go:53.43,55.6 1 0
github.com/zR-JB/graphite-meter/go/internal/endpoint/preflight.go:56.5,56.11 1 2
github.com/zR-JB/graphite-meter/go/internal/endpoint/preflight.go:59.3,59.210 1 10
github.com/zR-JB/graphite-meter/go/internal/endpoint/preflight.go:61.2,61.34 1 5
github.com/zR-JB/graphite-meter/go/internal/endpoint/preflight.go:61.34,63.29 2 10
github.com/zR-JB/graphite-meter/go/internal/endpoint/preflight.go:63.29,64.36 1 6
github.com/zR-JB/graphite-meter/go/internal/endpoint/preflight.go:64.36,66.5 1 2
github.com/zR-JB/graphite-meter/go/internal/endpoint/preflight.go:68.3,68.194 1 8
github.com/zR-JB/graphite-meter/go/internal/endpoint/preflight.go:70.2,79.27 2 5
github.com/zR-JB/graphite-meter/go/internal/endpoint/preflight.go:79.27,80.37 1 20
github.com/zR-JB/graphite-meter/go/internal/endpoint/preflight.go:80.37,83.17 3 5
github.com/zR-JB/graphite-meter/go/internal/endpoint/preflight.go:83.17,85.5 1 3
github.com/zR-JB/graphite-meter/go/internal/endpoint/preflight.go:88.2,88.41 1 5
github.com/zR-JB/graphite-meter/go/internal/endpoint/preflight.go:88.41,91.3 2 4
github.com/zR-JB/graphite-meter/go/internal/endpoint/preflight.go:92.2,92.47 1 5
github.com/zR-JB/graphite-meter/go/internal/endpoint/preflight.go:92.47,94.3 1 3
github.com/zR-JB/graphite-meter/go/internal/endpoint/preflight.go:95.2,95.44 1 5
github.com/zR-JB/graphite-meter/go/internal/endpoint/preflight.go:95.44,97.3 1 3
github.com/zR-JB/graphite-meter/go/internal/endpoint/preflight.go:98.2,98.255 1 5
github.com/zR-JB/graphite-meter/go/internal/endpoint/preflight.go:101.39,102.22 1 14
github.com/zR-JB/graphite-meter/go/internal/endpoint/preflight.go:102.22,104.3 1 6
github.com/zR-JB/graphite-meter/go/internal/endpoint/preflight.go:105.2,105.15 1 8
github.com/zR-JB/graphite-meter/go/internal/endpoint/preflight.go:108.61,109.18 1 5
github.com/zR-JB/graphite-meter/go/internal/endpoint/preflight.go:109.18,111.3 1 4
github.com/zR-JB/graphite-meter/go/internal/endpoint/preflight.go:112.2,113.30 2 1
github.com/zR-JB/graphite-meter/go/internal/endpoint/preflight.go:113.30,115.3 1 0
github.com/zR-JB/graphite-meter/go/internal/endpoint/preflight.go:116.2,116.80 1 1
github.com/zR-JB/graphite-meter/go/internal/endpoint/probe.go:17.64,19.2 1 2
github.com/zR-JB/graphite-meter/go/internal/endpoint/probe.go:20.45,20.63 1 0
github.com/zR-JB/graphite-meter/go/internal/endpoint/probe.go:21.45,21.80 1 0
github.com/zR-JB/graphite-meter/go/internal/endpoint/probe.go:23.51,25.9 2 2
github.com/zR-JB/graphite-meter/go/internal/endpoint/probe.go:25.9,27.3 1 0
github.com/zR-JB/graphite-meter/go/internal/endpoint/probe.go:28.2,28.61 1 2
github.com/zR-JB/graphite-meter/go/internal/endpoint/probe.go:28.61,31.3 2 1
github.com/zR-JB/graphite-meter/go/internal/endpoint/probe.go:32.2,38.4 4 2
github.com/zR-JB/graphite-meter/go/internal/endpoint/registry.go:23.30,28.2 1 4
github.com/zR-JB/graphite-meter/go/internal/endpoint/registry.go:31.58,33.2 1 3
github.com/zR-JB/graphite-meter/go/internal/endpoint/registry.go:39.56,41.2 1 3
github.com/zR-JB/graphite-meter/go/internal/endpoint/registry.go:47.70,49.2 1 4
github.com/zR-JB/graphite-meter/go/internal/endpoint/registry.go:53.95,54.39 1 4
github.com/zR-JB/graphite-meter/go/internal/endpoint/registry.go:54.39,56.3 1 3
github.com/zR-JB/graphite-meter/go/internal/endpoint/registry.go:57.2,57.37 1 4
github.com/zR-JB/graphite-meter/go/internal/endpoint/registry.go:57.37,59.3 1 3
github.com/zR-JB/graphite-meter/go/internal/endpoint/registry.go:68.65,70.2 1 2
github.com/zR-JB/graphite-meter/go/internal/endpoint/registry.go:72.97,73.71 1 5
github.com/zR-JB/graphite-meter/go/internal/endpoint/registry.go:73.71,74.101 1 5
github.com/zR-JB/graphite-meter/go/internal/endpoint/registry.go:74.101,77.4 2 0
github.com/zR-JB/graphite-meter/go/internal/endpoint/registry.go:78.3,80.36 1 5
github.com/zR-JB/graphite-meter/go/internal/endpoint/registry.go:80.36,81.28 1 5
github.com/zR-JB/graphite-meter/go/internal/endpoint/registry.go:81.28,83.6 1 5
github.com/zR-JB/graphite-meter/go/internal/endpoint/registry.go:84.5,85.28 2 0
github.com/zR-JB/graphite-meter/go/internal/endpoint/registry.go:89.3,89.17 1 5
github.com/zR-JB/graphite-meter/go/internal/endpoint/registry.go:89.17,91.4 1 0
github.com/zR-JB/graphite-meter/go/internal/endpoint/registry.go:95.3,102.49 4 5
github.com/zR-JB/graphite-meter/go/internal/endpoint/registry.go:102.49,104.4 1 0
github.com/zR-JB/graphite-meter/go/internal/endpoint/registry.go:104.9,106.4 1 5
github.com/zR-JB/graphite-meter/go/internal/endpoint/registry.go:107.3,107.26 1 5
github.com/zR-JB/graphite-meter/go/internal/endpoint/registry.go:107.26,110.4 2 0
github.com/zR-JB/graphite-meter/go/internal/endpoint/registry.go:111.3,116.60 5 5
github.com/zR-JB/graphite-meter/go/internal/endpoint/registry.go:116.60,119.4 2 0
github.com/zR-JB/graphite-meter/go/internal/endpoint/registry.go:120.3,120.17 1 5
github.com/zR-JB/graphite-meter/go/internal/endpoint/registry.go:120.17,123.4 2 1
github.com/zR-JB/graphite-meter/go/internal/endpoint/registry.go:124.3,124.48 1 4
github.com/zR-JB/graphite-meter/go/internal/endpoint/registry.go:131.43,131.82 1 21
github.com/zR-JB/graphite-meter/go/internal/endpoint/registry.go:133.68,134.71 1 24
github.com/zR-JB/graphite-meter/go/internal/endpoint/registry.go:134.71,136.37 2 29
github.com/zR-JB/graphite-meter/go/internal/endpoint/registry.go:136.37,139.4 2 2
github.com/zR-JB/graphite-meter/go/internal/endpoint/registry.go:140.3,141.37 2 27
github.com/zR-JB/graphite-meter/go/internal/endpoint/registry.go:141.37,143.4 1 2
github.com/zR-JB/graphite-meter/go/internal/endpoint/registry.go:150.61,152.18 2 29
github.com/zR-JB/graphite-meter/go/internal/endpoint/registry.go:152.18,161.3 8 0
github.com/zR-JB/graphite-meter/go/internal/endpoint/registry.go:162.2,165.35 4 29
github.com/zR-JB/graphite-meter/go/internal/endpoint/upload.go:36.85,38.22 2 7
github.com/zR-JB/graphite-meter/go/internal/endpoint/upload.go:38.22,40.3 1 0
github.com/zR-JB/graphite-meter/go/internal/endpoint/upload.go:41.2,41.10 1 7
github.com/zR-JB/graphite-meter/go/internal/endpoint/upload.go:44.46,44.65 1 0
github.com/zR-JB/graphite-meter/go/internal/endpoint/upload.go:45.46,45.81 1 0
github.com/zR-JB/graphite-meter/go/internal/endpoint/upload.go:54.18,57.3 2 5
github.com/zR-JB/graphite-meter/go/internal/endpoint/upload.go:71.51,73.18 2 114
github.com/zR-JB/graphite-meter/go/internal/endpoint/upload.go:73.18,77.3 1 23
github.com/zR-JB/graphite-meter/go/internal/endpoint/upload.go:78.2,78.20 1 114
github.com/zR-JB/graphite-meter/go/internal/endpoint/upload.go:83.52,89.20 2 7
github.com/zR-JB/graphite-meter/go/internal/endpoint/upload.go:89.20,91.15 2 5
github.com/zR-JB/graphite-meter/go/internal/endpoint/upload.go:91.15,93.32 2 5
github.com/zR-JB/graphite-meter/go/internal/endpoint/upload.go:93.32,95.5 1 4
github.com/zR-JB/graphite-meter/go/internal/endpoint/upload.go:96.4,97.32 2 5
github.com/zR-JB/graphite-meter/go/internal/endpoint/upload.go:97.32,98.33 1 2
github.com/zR-JB/graphite-meter/go/internal/endpoint/upload.go:98.33,101.6 2 2
github.com/zR-JB/graphite-meter/go/internal/endpoint/upload.go:102.5,102.36 1 0
github.com/zR-JB/graphite-meter/go/internal/endpoint/upload.go:104.4,106.29 3 3
github.com/zR-JB/graphite-meter/go/internal/endpoint/upload.go:110.2,111.16 2 5
github.com/zR-JB/graphite-meter/go/internal/endpoint/upload.go:111.16,113.3 1 0
github.com/zR-JB/graphite-meter/go/internal/endpoint/upload.go:118.2,118.30 1 5
github.com/zR-JB/graphite-meter/go/internal/endpoint/upload.go:118.30,120.3 1 3
github.com/zR-JB/graphite-meter/go/internal/endpoint/upload.go:122.2,132.20 6 5
github.com/zR-JB/graphite-meter/go/internal/endpoint/upload.go:132.20,136.3 1 2
github.com/zR-JB/graphite-meter/go/internal/endpoint/upload.go:138.2,138.30 1 3
github.com/zR-JB/graphite-meter/go/internal/endpoint/upload.go:138.30,143.3 4 3
github.com/zR-JB/graphite-meter/go/internal/endpoint/upload.go:144.2,144.12 1 3
github.com/zR-JB/graphite-meter/go/internal/endpoint/upload_owner.go:11.66,12.57 1 11
github.com/zR-JB/graphite-meter/go/internal/endpoint/upload_owner.go:12.57,14.3 1 0
github.com/zR-JB/graphite-meter/go/internal/endpoint/upload_owner.go:15.2,16.21 2 11
github.com/zR-JB/graphite-meter/go/internal/endpoint/upload_owner.go:16.21,18.3 1 0
github.com/zR-JB/graphite-meter/go/internal/endpoint/upload_owner.go:19.2,19.16 1 11
github.com/zR-JB/graphite-meter/go/internal/endpoint/upload_owner.go:19.16,21.3 1 0
github.com/zR-JB/graphite-meter/go/internal/endpoint/upload_owner.go:22.2,22.22 1 11
github.com/zR-JB/graphite-meter/go/internal/endpoint/upload_owner.go:25.73,26.16 1 3
github.com/zR-JB/graphite-meter/go/internal/endpoint/upload_owner.go:27.27,28.60 1 2
github.com/zR-JB/graphite-meter/go/internal/endpoint/upload_owner.go:29.30,31.76 2 1
github.com/zR-JB/graphite-meter/go/internal/endpoint/upload_owner.go:32.30,34.80 2 0
github.com/zR-JB/graphite-meter/go/internal/endpoint/upload_owner.go:35.33,36.77 1 0
github.com/zR-JB/graphite-meter/go/internal/endpoint/upload_progress.go:20.87,22.22 2 4
github.com/zR-JB/graphite-meter/go/internal/endpoint/upload_progress.go:22.22,24.3 1 0
github.com/zR-JB/graphite-meter/go/internal/endpoint/upload_progress.go:25.2,25.10 1 4
github.com/zR-JB/graphite-meter/go/internal/endpoint/upload_progress.go:27.54,27.82 1 0
github.com/zR-JB/graphite-meter/go/internal/endpoint/upload_progress.go:28.54,28.89 1 0
github.com/zR-JB/graphite-meter/go/internal/endpoint/upload_progress.go:42.67,43.27 1 2
github.com/zR-JB/graphite-meter/go/internal/endpoint/upload_progress.go:43.27,44.10 1 0
github.com/zR-JB/graphite-meter/go/internal/endpoint/upload_progress.go:45.14,46.16 1 0
github.com/zR-JB/graphite-meter/go/internal/endpoint/upload_progress.go:47.27,47.27 0 0
github.com/zR-JB/graphite-meter/go/internal/endpoint/upload_progress.go:50.2,50.13 1 2
github.com/zR-JB/graphite-meter/go/internal/endpoint/upload_progress.go:53.60,55.9 2 7
github.com/zR-JB/graphite-meter/go/internal/endpoint/upload_progress.go:55.9,57.3 1 0
github.com/zR-JB/graphite-meter/go/internal/endpoint/upload_progress.go:58.2,60.35 3 7
github.com/zR-JB/graphite-meter/go/internal/endpoint/upload_progress.go:60.35,61.71 1 1
github.com/zR-JB/graphite-meter/go/internal/endpoint/upload_progress.go:61.71,64.4 2 0
github.com/zR-JB/graphite-meter/go/internal/endpoint/upload_progress.go:65.3,66.13 2 1
github.com/zR-JB/graphite-meter/go/internal/endpoint/upload_progress.go:68.2,68.32 1 6
github.com/zR-JB/graphite-meter/go/internal/endpoint/upload_progress.go:68.32,71.3 2 0
github.com/zR-JB/graphite-meter/go/internal/endpoint/upload_progress.go:72.2,76.9 5 6
github.com/zR-JB/graphite-meter/go/internal/endpoint/upload_progress.go:76.9,79.3 2 0
github.com/zR-JB/graphite-meter/go/internal/endpoint/upload_progress.go:80.2,81.47 2 6
github.com/zR-JB/graphite-meter/go/internal/endpoint/upload_progress.go:81.47,82.43 1 7
github.com/zR-JB/graphite-meter/go/internal/endpoint/upload_progress.go:82.43,84.4 1 0
github.com/zR-JB/graphite-meter/go/internal/endpoint/upload_progress.go:85.3,86.14 2 7
github.com/zR-JB/graphite-meter/go/internal/endpoint/upload_progress.go:89.2,90.30 2 6
github.com/zR-JB/graphite-meter/go/internal/endpoint/upload_progress.go:90.30,93.3 2 1
github.com/zR-JB/graphite-meter/go/internal/endpoint/upload_progress.go:94.2,94.53 1 5
github.com/zR-JB/graphite-meter/go/internal/endpoint/upload_progress.go:94.53,97.3 2 1
github.com/zR-JB/graphite-meter/go/internal/endpoint/upload_progress.go:98.2,99.47 2 4
github.com/zR-JB/graphite-meter/go/internal/endpoint/upload_progress.go:99.47,101.3 1 0
github.com/zR-JB/graphite-meter/go/internal/endpoint/upload_progress.go:103.2,108.6 6 4
github.com/zR-JB/graphite-meter/go/internal/endpoint/upload_progress.go:108.6,109.10 1 6
github.com/zR-JB/graphite-meter/go/internal/endpoint/upload_progress.go:110.29,111.14 1 1
github.com/zR-JB/graphite-meter/go/internal/endpoint/upload_progress.go:112.22,113.14 1 1
github.com/zR-JB/graphite-meter/go/internal/endpoint/upload_progress.go:114.23,115.52 1 2
github.com/zR-JB/graphite-meter/go/internal/endpoint/upload_progress.go:115.52,117.5 1 0
github.com/zR-JB/graphite-meter/go/internal/endpoint/upload_progress.go:118.4,121.14 4 2
github.com/zR-JB/graphite-meter/go/internal/endpoint/upload_progress.go:122.22,123.51 1 0
github.com/zR-JB/graphite-meter/go/internal/endpoint/upload_progress.go:123.51,125.5 1 0
github.com/zR-JB/graphite-meter/go/internal/endpoint/upload_progress.go:126.4,126.19 1 0
github.com/zR-JB/graphite-meter/go/internal/endpoint/upload_progress.go:127.17,130.22 3 2
github.com/zR-JB/graphite-meter/go/internal/endpoint/upload_progress.go:130.22,132.79 2 1
github.com/zR-JB/graphite-meter/go/internal/endpoint/upload_progress.go:132.79,134.6 1 0
github.com/zR-JB/graphite-meter/go/internal/endpoint/upload_session.go:21.58,23.2 1 2
github.com/zR-JB/graphite-meter/go/internal/endpoint/upload_session.go:25.53,25.80 1 0
github.com/zR-JB/graphite-meter/go/internal/endpoint/upload_session.go:26.53,26.88 1 0
github.com/zR-JB/graphite-meter/go/internal/endpoint/upload_session.go:28.59,30.9 2 3
github.com/zR-JB/graphite-meter/go/internal/endpoint/upload_session.go:30.9,32.3 1 0
github.com/zR-JB/graphite-meter/go/internal/endpoint/upload_session.go:33.2,33.33 1 3
github.com/zR-JB/graphite-meter/go/internal/endpoint/upload_session.go:33.33,36.3 2 1
github.com/zR-JB/graphite-meter/go/internal/endpoint/upload_session.go:37.2,37.20 1 2
github.com/zR-JB/graphite-meter/go/internal/endpoint/upload_session.go:37.20,40.3 2 0
github.com/zR-JB/graphite-meter/go/internal/endpoint/upload_session.go:41.2,42.14 2 2
github.com/zR-JB/graphite-meter/go/internal/endpoint/upload_session.go:42.14,45.3 2 0
github.com/zR-JB/graphite-meter/go/internal/endpoint/upload_session.go:46.2,50.56 5 2
github.com/zR-JB/graphite-meter/go/internal/endpoint/upload_store.go:67.51,71.2 3 4029
github.com/zR-JB/graphite-meter/go/internal/endpoint/upload_store.go:73.46,75.9 2 10
github.com/zR-JB/graphite-meter/go/internal/endpoint/upload_store.go:76.36,76.36 0 5
github.com/zR-JB/graphite-meter/go/internal/endpoint/upload_store.go:77.10,77.10 0 5
github.com/zR-JB/graphite-meter/go/internal/endpoint/upload_store.go:83.51,85.32 2 11
github.com/zR-JB/graphite-meter/go/internal/endpoint/upload_store.go:85.32,87.3 1 2
github.com/zR-JB/graphite-meter/go/internal/endpoint/upload_store.go:88.2,88.20 1 9
github.com/zR-JB/graphite-meter/go/internal/endpoint/upload_store.go:111.36,113.26 2 25
github.com/zR-JB/graphite-meter/go/internal/endpoint/upload_store.go:113.26,115.3 1 800
github.com/zR-JB/graphite-meter/go/internal/endpoint/upload_store.go:116.2,116.10 1 25
github.com/zR-JB/graphite-meter/go/internal/endpoint/upload_store.go:122.24,122.63 1 28385
github.com/zR-JB/graphite-meter/go/internal/endpoint/upload_store.go:125.53,129.2 3 7413
github.com/zR-JB/graphite-meter/go/internal/endpoint/upload_store.go:133.37,134.25 1 13386
github.com/zR-JB/graphite-meter/go/internal/endpoint/upload_store.go:134.25,136.3 1 0
github.com/zR-JB/graphite-meter/go/internal/endpoint/upload_store.go:137.2,138.47 2 13386
github.com/zR-JB/graphite-meter/go/internal/endpoint/upload_store.go:138.47,140.3 1 0
github.com/zR-JB/graphite-meter/go/internal/endpoint/upload_store.go:141.2,141.37 1 13386
github.com/zR-JB/graphite-meter/go/internal/endpoint/upload_store.go:144.45,145.27 1 16872
github.com/zR-JB/graphite-meter/go/internal/endpoint/upload_store.go:145.27,148.3 2 21
github.com/zR-JB/graphite-meter/go/internal/endpoint/upload_store.go:149.2,149.21 1 16872
github.com/zR-JB/graphite-meter/go/internal/endpoint/upload_store.go:152.67,159.2 6 13387
github.com/zR-JB/graphite-meter/go/internal/endpoint/upload_store.go:161.47,162.60 1 3489
github.com/zR-JB/graphite-meter/go/internal/endpoint/upload_store.go:162.60,164.3 1 3
github.com/zR-JB/graphite-meter/go/internal/endpoint/upload_store.go:165.2,166.48 2 3486
github.com/zR-JB/graphite-meter/go/internal/endpoint/upload_store.go:166.48,168.3 1 0
github.com/zR-JB/graphite-meter/go/internal/endpoint/upload_store.go:169.2,172.36 4 3486
github.com/zR-JB/graphite-meter/go/internal/endpoint/upload_store.go:172.36,174.3 1 1
github.com/zR-JB/graphite-meter/go/internal/endpoint/upload_store.go:175.2,177.75 3 3485
github.com/zR-JB/graphite-meter/go/internal/endpoint/upload_store.go:186.65,189.2 2 5314
github.com/zR-JB/graphite-meter/go/internal/endpoint/upload_store.go:201.83,203.2 1 5387
github.com/zR-JB/graphite-meter/go/internal/endpoint/upload_store.go:205.103,206.14 1 5393
github.com/zR-JB/graphite-meter/go/internal/endpoint/upload_store.go:206.14,208.3 1 0
github.com/zR-JB/graphite-meter/go/internal/endpoint/upload_store.go:209.2,211.29 3 5393
github.com/zR-JB/graphite-meter/go/internal/endpoint/upload_store.go:211.29,212.44 1 1906
github.com/zR-JB/graphite-meter/go/internal/endpoint/upload_store.go:212.44,215.4 2 1
github.com/zR-JB/graphite-meter/go/internal/endpoint/upload_store.go:216.3,217.12 2 1905
github.com/zR-JB/graphite-meter/go/internal/endpoint/upload_store.go:217.12,219.4 1 1903
github.com/zR-JB/graphite-meter/go/internal/endpoint/upload_store.go:220.3,220.29 1 1905
github.com/zR-JB/graphite-meter/go/internal/endpoint/upload_store.go:222.2,222.20 1 3487
github.com/zR-JB/graphite-meter/go/internal/endpoint/upload_store.go:222.20,225.3 2 5
github.com/zR-JB/graphite-meter/go/internal/endpoint/upload_store.go:226.2,226.6 1 3482
github.com/zR-JB/graphite-meter/go/internal/endpoint/upload_store.go:226.6,228.26 2 3482
github.com/zR-JB/graphite-meter/go/internal/endpoint/upload_store.go:228.26,231.4 2 3
github.com/zR-JB/graphite-meter/go/internal/endpoint/upload_store.go:232.3,232.36 1 3479
github.com/zR-JB/graphite-meter/go/internal/endpoint/upload_store.go:232.36,233.9 1 3479
github.com/zR-JB/graphite-meter/go/internal/endpoint/upload_store.go:236.2,236.17 1 3479
github.com/zR-JB/graphite-meter/go/internal/endpoint/upload_store.go:236.17,238.50 2 72
github.com/zR-JB/graphite-meter/go/internal/endpoint/upload_store.go:238.50,243.4 4 1
github.com/zR-JB/graphite-meter/go/internal/endpoint/upload_store.go:244.3,245.22 2 71
github.com/zR-JB/graphite-meter/go/internal/endpoint/upload_store.go:247.2,251.28 5 3478
github.com/zR-JB/graphite-meter/go/internal/endpoint/upload_store.go:254.52,255.21 1 136
github.com/zR-JB/graphite-meter/go/internal/endpoint/upload_store.go:255.21,257.3 1 103
github.com/zR-JB/graphite-meter/go/internal/endpoint/upload_store.go:258.2,260.31 3 33
github.com/zR-JB/graphite-meter/go/internal/endpoint/upload_store.go:260.31,262.3 1 2
github.com/zR-JB/graphite-meter/go/internal/endpoint/upload_store.go:263.2,263.21 1 33
github.com/zR-JB/graphite-meter/go/internal/endpoint/upload_store.go:266.64,268.9 2 1
github.com/zR-JB/graphite-meter/go/internal/endpoint/upload_store.go:268.9,270.3 1 0
github.com/zR-JB/graphite-meter/go/internal/endpoint/upload_store.go:271.2,271.43 1 1
github.com/zR-JB/graphite-meter/go/internal/endpoint/upload_store.go:271.43,273.3 1 0
github.com/zR-JB/graphite-meter/go/internal/endpoint/upload_store.go:274.2,274.27 1 1
github.com/zR-JB/graphite-meter/go/internal/endpoint/upload_store.go:274.27,274.50 1 1
github.com/zR-JB/graphite-meter/go/internal/endpoint/upload_store.go:275.2,275.23 1 1
github.com/zR-JB/graphite-meter/go/internal/endpoint/upload_store.go:279.57,280.14 1 2016
github.com/zR-JB/graphite-meter/go/internal/endpoint/upload_store.go:280.14,282.3 1 0
github.com/zR-JB/graphite-meter/go/internal/endpoint/upload_store.go:283.2,287.16 5 2016
github.com/zR-JB/graphite-meter/go/internal/endpoint/upload_store.go:292.41,295.29 3 4
github.com/zR-JB/graphite-meter/go/internal/endpoint/upload_store.go:295.29,300.3 4 2
github.com/zR-JB/graphite-meter/go/internal/endpoint/upload_store.go:301.2,301.16 1 4
github.com/zR-JB/graphite-meter/go/internal/endpoint/upload_store.go:307.48,310.26 3 64
github.com/zR-JB/graphite-meter/go/internal/endpoint/upload_store.go:310.26,313.29 3 2048
github.com/zR-JB/graphite-meter/go/internal/endpoint/upload_store.go:313.29,314.69 1 11613
github.com/zR-JB/graphite-meter/go/internal/endpoint/upload_store.go:314.69,319.5 4 134
github.com/zR-JB/graphite-meter/go/internal/endpoint/upload_store.go:321.3,321.17 1 2048
github.com/zR-JB/graphite-meter/go/internal/endpoint/upload_store.go:328.55,331.6 3 0
github.com/zR-JB/graphite-meter/go/internal/endpoint/upload_store.go:331.6,332.10 1 0
github.com/zR-JB/graphite-meter/go/internal/endpoint/upload_store.go:333.21,334.10 1 0
github.com/zR-JB/graphite-meter/go/internal/endpoint/upload_store.go:335.19,336.24 1 0
github.com/zR-JB/graphite-meter/go/cmd/graphite-meter-client/format.go:11.46,21.42 2 56
github.com/zR-JB/graphite-meter/go/cmd/graphite-meter-client/format.go:21.42,23.3 1 54
github.com/zR-JB/graphite-meter/go/cmd/graphite-meter-client/format.go:24.2,24.15 1 2
github.com/zR-JB/graphite-meter/go/cmd/graphite-meter-client/format.go:27.47,29.15 2 7
github.com/zR-JB/graphite-meter/go/cmd/graphite-meter-client/format.go:29.15,31.3 1 5
github.com/zR-JB/graphite-meter/go/cmd/graphite-meter-client/format.go:32.2,32.16 1 7
github.com/zR-JB/graphite-meter/go/cmd/graphite-meter-client/format.go:32.16,34.3 1 5
github.com/zR-JB/graphite-meter/go/cmd/graphite-meter-client/format.go:35.2,35.14 1 7
github.com/zR-JB/graphite-meter/go/cmd/graphite-meter-client/format.go:35.14,37.3 1 5
github.com/zR-JB/graphite-meter/go/cmd/graphite-meter-client/format.go:38.2,38.21 1 7
github.com/zR-JB/graphite-meter/go/cmd/graphite-meter-client/format.go:38.21,40.3 1 1
github.com/zR-JB/graphite-meter/go/cmd/graphite-meter-client/format.go:41.2,41.21 1 7
github.com/zR-JB/graphite-meter/go/cmd/graphite-meter-client/format.go:41.21,43.3 1 1
github.com/zR-JB/graphite-meter/go/cmd/graphite-meter-client/format.go:44.2,44.34 1 6
github.com/zR-JB/graphite-meter/go/cmd/graphite-meter-client/format.go:49.45,51.22 2 90
github.com/zR-JB/graphite-meter/go/cmd/graphite-meter-client/format.go:51.22,53.3 1 1
github.com/zR-JB/graphite-meter/go/cmd/graphite-meter-client/format.go:54.2,55.27 2 89
github.com/zR-JB/graphite-meter/go/cmd/graphite-meter-client/format.go:55.27,57.3 1 266
github.com/zR-JB/graphite-meter/go/cmd/graphite-meter-client/format.go:58.2,58.14 1 89
github.com/zR-JB/graphite-meter/go/cmd/graphite-meter-client/format.go:61.60,63.2 1 101
github.com/zR-JB/graphite-meter/go/cmd/graphite-meter-client/format.go:65.50,67.2 1 198
github.com/zR-JB/graphite-meter/go/cmd/graphite-meter-client/format.go:72.86,74.28 2 54
github.com/zR-JB/graphite-meter/go/cmd/graphite-meter-client/format.go:74.28,75.22 1 55
github.com/zR-JB/graphite-meter/go/cmd/graphite-meter-client/format.go:75.22,77.9 2 54
github.com/zR-JB/graphite-meter/go/cmd/graphite-meter-client/format.go:80.2,81.20 2 54
github.com/zR-JB/graphite-meter/go/cmd/graphite-meter-client/format.go:81.20,83.3 1 1
github.com/zR-JB/graphite-meter/go/cmd/graphite-meter-client/format.go:84.2,84.106 1 54
github.com/zR-JB/graphite-meter/go/cmd/graphite-meter-client/format.go:87.31,88.8 1 103
github.com/zR-JB/graphite-meter/go/cmd/graphite-meter-client/format.go:88.8,90.3 1 61
github.com/zR-JB/graphite-meter/go/cmd/graphite-meter-client/format.go:91.2,91.33 1 42
github.com/zR-JB/graphite-meter/go/cmd/graphite-meter-client/format.go:94.34,95.13 1 7
github.com/zR-JB/graphite-meter/go/cmd/graphite-meter-client/format.go:96.9,97.18 1 1
github.com/zR-JB/graphite-meter/go/cmd/graphite-meter-client/format.go:98.9,99.28 1 1
github.com/zR-JB/graphite-meter/go/cmd/graphite-meter-client/format.go:100.9,101.29 1 1
github.com/zR-JB/graphite-meter/go/cmd/graphite-meter-client/format.go:102.9,103.27 1 1
github.com/zR-JB/graphite-meter/go/cmd/graphite-meter-client/format.go:104.9,105.34 1 1
github.com/zR-JB/graphite-meter/go/cmd/graphite-meter-client/format.go:106.9,107.25 1 1
github.com/zR-JB/graphite-meter/go/cmd/graphite-meter-client/format.go:108.10,109.12 1 1
github.com/zR-JB/graphite-meter/go/cmd/graphite-meter-client/format.go:122.67,124.15 2 18
github.com/zR-JB/graphite-meter/go/cmd/graphite-meter-client/format.go:124.15,126.16 2 12
github.com/zR-JB/graphite-meter/go/cmd/graphite-meter-client/format.go:126.16,128.4 1 0
github.com/zR-JB/graphite-meter/go/cmd/graphite-meter-client/format.go:129.3,129.29 1 12
github.com/zR-JB/graphite-meter/go/cmd/graphite-meter-client/format.go:129.29,131.4 1 0
github.com/zR-JB/graphite-meter/go/cmd/graphite-meter-client/format.go:133.2,135.29 3 18
github.com/zR-JB/graphite-meter/go/cmd/graphite-meter-client/format.go:135.29,137.3 1 7
github.com/zR-JB/graphite-meter/go/cmd/graphite-meter-client/format.go:138.2,139.22 2 11
github.com/zR-JB/graphite-meter/go/cmd/graphite-meter-client/format.go:139.22,141.3 1 1
github.com/zR-JB/graphite-meter/go/cmd/graphite-meter-client/format.go:142.2,143.16 2 11
github.com/zR-JB/graphite-meter/go/cmd/graphite-meter-client/format.go:143.16,146.3 2 3
github.com/zR-JB/graphite-meter/go/cmd/graphite-meter-client/format.go:147.2,147.64 1 11
github.com/zR-JB/graphite-meter/go/cmd/graphite-meter-client/format.go:150.63,153.2 2 6
github.com/zR-JB/graphite-meter/go/cmd/graphite-meter-client/format.go:159.67,160.16 1 8
github.com/zR-JB/graphite-meter/go/cmd/graphite-meter-client/format.go:160.16,161.21 1 5
github.com/zR-JB/graphite-meter/go/cmd/graphite-meter-client/format.go:161.21,163.4 1 1
github.com/zR-JB/graphite-meter/go/cmd/graphite-meter-client/format.go:164.3,164.70 1 4
github.com/zR-JB/graphite-meter/go/cmd/graphite-meter-client/format.go:166.2,167.17 2 3
github.com/zR-JB/graphite-meter/go/cmd/graphite-meter-client/format.go:167.17,169.3 1 0
github.com/zR-JB/graphite-meter/go/cmd/graphite-meter-client/format.go:170.2,171.9 2 3
github.com/zR-JB/graphite-meter/go/cmd/graphite-meter-client/format.go:172.23,173.69 1 1
github.com/zR-JB/graphite-meter/go/cmd/graphite-meter-client/format.go:174.22,175.65 1 1
github.com/zR-JB/graphite-meter/go/cmd/graphite-meter-client/format.go:177.2,177.13 1 3
github.com/zR-JB/graphite-meter/go/cmd/graphite-meter-client/format.go:180.33,181.13 1 109
github.com/zR-JB/graphite-meter/go/cmd/graphite-meter-client/format.go:181.13,183.3 1 109
github.com/zR-JB/graphite-meter/go/cmd/graphite-meter-client/format.go:184.2,184.10 1 0
github.com/zR-JB/graphite-meter/go/cmd/graphite-meter-client/format.go:187.42,191.39 4 25
github.com/zR-JB/graphite-meter/go/cmd/graphite-meter-client/format.go:191.39,194.3 2 40
github.com/zR-JB/graphite-meter/go/cmd/graphite-meter-client/format.go:195.2,195.12 1 25
github.com/zR-JB/graphite-meter/go/cmd/graphite-meter-client/format.go:195.12,197.3 1 8
github.com/zR-JB/graphite-meter/go/cmd/graphite-meter-client/format.go:198.2,198.47 1 17
github.com/zR-JB/graphite-meter/go/cmd/graphite-meter-client/format.go:201.32,205.36 4 12
github.com/zR-JB/graphite-meter/go/cmd/graphite-meter-client/format.go:205.36,208.3 2 21
github.com/zR-JB/graphite-meter/go/cmd/graphite-meter-client/format.go:209.2,209.12 1 12
github.com/zR-JB/graphite-meter/go/cmd/graphite-meter-client/format.go:209.12,211.3 1 4
github.com/zR-JB/graphite-meter/go/cmd/graphite-meter-client/format.go:212.2,212.44 1 8
github.com/zR-JB/graphite-meter/go/cmd/graphite-meter-client/format.go:217.39,218.11 1 8
github.com/zR-JB/graphite-meter/go/cmd/graphite-meter-client/format.go:218.11,220.3 1 1
github.com/zR-JB/graphite-meter/go/cmd/graphite-meter-client/format.go:221.2,221.21 1 8
github.com/zR-JB/graphite-meter/go/cmd/graphite-meter-client/format.go:221.21,223.3 1 6
github.com/zR-JB/graphite-meter/go/cmd/graphite-meter-client/format.go:224.2,224.38 1 2
github.com/zR-JB/graphite-meter/go/cmd/graphite-meter-client/format.go:227.36,228.12 1 8
github.com/zR-JB/graphite-meter/go/cmd/graphite-meter-client/format.go:228.12,230.3 1 2
github.com/zR-JB/graphite-meter/go/cmd/graphite-meter-client/format.go:231.2,231.63 1 6
github.com/zR-JB/graphite-meter/go/cmd/graphite-meter-client/format.go:234.33,235.15 1 37
github.com/zR-JB/graphite-meter/go/cmd/graphite-meter-client/format.go:235.15,237.3 1 1
github.com/zR-JB/graphite-meter/go/cmd/graphite-meter-client/format.go:238.2,238.13 1 36
github.com/zR-JB/graphite-meter/go/cmd/graphite-meter-client/format.go:238.13,240.3 1 8
github.com/zR-JB/graphite-meter/go/cmd/graphite-meter-client/format.go:241.2,241.13 1 28
github.com/zR-JB/graphite-meter/go/cmd/graphite-meter-client/format.go:241.13,243.3 1 10
github.com/zR-JB/graphite-meter/go/cmd/graphite-meter-client/format.go:244.2,244.10 1 18
github.com/zR-JB/graphite-meter/go/cmd/graphite-meter-client/format.go:247.24,248.11 1 373
github.com/zR-JB/graphite-meter/go/cmd/graphite-meter-client/format.go:248.11,250.3 1 182
github.com/zR-JB/graphite-meter/go/cmd/graphite-meter-client/format.go:251.2,251.10 1 191
github.com/zR-JB/graphite-meter/go/cmd/graphite-meter-client/keys.go:48.35,49.22 1 27
github.com/zR-JB/graphite-meter/go/cmd/graphite-meter-client/keys.go:50.38,51.14 1 8
github.com/zR-JB/graphite-meter/go/cmd/graphite-meter-client/keys.go:53.2,53.14 1 19
github.com/zR-JB/graphite-meter/go/cmd/graphite-meter-client/keys.go:57.42,58.9 1 101
github.com/zR-JB/graphite-meter/go/cmd/graphite-meter-client/keys.go:59.31,60.74 1 2
github.com/zR-JB/graphite-meter/go/cmd/graphite-meter-client/keys.go:61.22,62.48 1 2
github.com/zR-JB/graphite-meter/go/cmd/graphite-meter-client/keys.go:63.39,64.68 1 2
github.com/zR-JB/graphite-meter/go/cmd/graphite-meter-client/keys.go:65.25,66.58 1 5
github.com/zR-JB/graphite-meter/go/cmd/graphite-meter-client/keys.go:67.10,68.109 1 90
github.com/zR-JB/graphite-meter/go/cmd/graphite-meter-client/keys.go:74.43,77.35 3 0
github.com/zR-JB/graphite-meter/go/cmd/graphite-meter-client/keys.go:77.35,79.3 1 0
github.com/zR-JB/graphite-meter/go/cmd/graphite-meter-client/keys.go:80.2,80.13 1 0
github.com/zR-JB/graphite-meter/go/cmd/graphite-meter-client/main.go:16.13,39.17 22 0
github.com/zR-JB/graphite-meter/go/cmd/graphite-meter-client/main.go:39.17,42.3 2 0
github.com/zR-JB/graphite-meter/go/cmd/graphite-meter-client/main.go:44.2,49.16 5 0
github.com/zR-JB/graphite-meter/go/cmd/graphite-meter-client/main.go:49.16,52.3 2 0
github.com/zR-JB/graphite-meter/go/cmd/graphite-meter-client/main.go:53.2,53.32 1 0
github.com/zR-JB/graphite-meter/go/cmd/graphite-meter-client/main.go:53.32,54.46 1 0
github.com/zR-JB/graphite-meter/go/cmd/graphite-meter-client/main.go:54.46,56.4 1 0
github.com/zR-JB/graphite-meter/go/cmd/graphite-meter-client/main.go:60.48,62.47 2 6
github.com/zR-JB/graphite-meter/go/cmd/graphite-meter-client/main.go:62.47,63.51 1 14
github.com/zR-JB/graphite-meter/go/cmd/graphite-meter-client/main.go:64.26,65.20 1 3
github.com/zR-JB/graphite-meter/go/cmd/graphite-meter-client/main.go:66.27,67.21 1 4
github.com/zR-JB/graphite-meter/go/cmd/graphite-meter-client/main.go:68.23,69.19 1 2
github.com/zR-JB/graphite-meter/go/cmd/graphite-meter-client/main.go:70.32,71.26 1 2
github.com/zR-JB/graphite-meter/go/cmd/graphite-meter-client/main.go:74.2,74.10 1 6
github.com/zR-JB/graphite-meter/go/cmd/graphite-meter-client/main.go:77.42,78.49 1 9
github.com/zR-JB/graphite-meter/go/cmd/graphite-meter-client/main.go:79.17,80.31 1 1
github.com/zR-JB/graphite-meter/go/cmd/graphite-meter-client/main.go:81.14,82.32 1 2
github.com/zR-JB/graphite-meter/go/cmd/graphite-meter-client/main.go:83.20,84.32 1 2
github.com/zR-JB/graphite-meter/go/cmd/graphite-meter-client/main.go:85.10,87.27 2 4
github.com/zR-JB/graphite-meter/go/cmd/graphite-meter-client/main.go:87.27,89.4 1 3
github.com/zR-JB/graphite-meter/go/cmd/graphite-meter-client/main.go:90.3,90.11 1 1
github.com/zR-JB/graphite-meter/go/cmd/graphite-meter-client/model.go:94.62,102.2 7 61
github.com/zR-JB/graphite-meter/go/cmd/graphite-meter-client/model.go:138.43,139.45 1 95
github.com/zR-JB/graphite-meter/go/cmd/graphite-meter-client/model.go:139.45,140.10 1 285
github.com/zR-JB/graphite-meter/go/cmd/graphite-meter-client/model.go:141.29,142.20 1 11
github.com/zR-JB/graphite-meter/go/cmd/graphite-meter-client/model.go:143.29,144.23 1 181
github.com/zR-JB/graphite-meter/go/cmd/graphite-meter-client/model.go:145.36,146.22 1 2
github.com/zR-JB/graphite-meter/go/cmd/graphite-meter-client/model.go:147.41,148.23 1 2
github.com/zR-JB/graphite-meter/go/cmd/graphite-meter-client/model.go:149.11,150.22 1 89
github.com/zR-JB/graphite-meter/go/cmd/graphite-meter-client/model.go:153.2,154.9 2 95
github.com/zR-JB/graphite-meter/go/cmd/graphite-meter-client/model.go:155.40,156.58 1 2
github.com/zR-JB/graphite-meter/go/cmd/graphite-meter-client/model.go:157.29,158.55 1 1
github.com/zR-JB/graphite-meter/go/cmd/graphite-meter-client/model.go:159.34,160.55 1 1
github.com/zR-JB/graphite-meter/go/cmd/graphite-meter-client/model.go:162.2,167.3 1 95
github.com/zR-JB/graphite-meter/go/cmd/graphite-meter-client/model.go:192.57,194.53 2 100
github.com/zR-JB/graphite-meter/go/cmd/graphite-meter-client/model.go:194.53,195.9 1 400
github.com/zR-JB/graphite-meter/go/cmd/graphite-meter-client/model.go:195.9,197.4 1 291
github.com/zR-JB/graphite-meter/go/cmd/graphite-meter-client/model.go:199.2,203.15 5 100
github.com/zR-JB/graphite-meter/go/cmd/graphite-meter-client/model.go:276.42,298.2 5 119
github.com/zR-JB/graphite-meter/go/cmd/graphite-meter-client/model.go:300.31,302.2 1 0
github.com/zR-JB/graphite-meter/go/cmd/graphite-meter-client/model.go:308.33,309.23 1 0
github.com/zR-JB/graphite-meter/go/cmd/graphite-meter-client/model.go:309.23,311.3 1 0
github.com/zR-JB/graphite-meter/go/cmd/graphite-meter-client/model.go:312.2,312.74 1 0
github.com/zR-JB/graphite-meter/go/cmd/graphite-meter-client/model.go:315.62,316.24 1 8
github.com/zR-JB/graphite-meter/go/cmd/graphite-meter-client/model.go:316.24,321.3 4 0
github.com/zR-JB/graphite-meter/go/cmd/graphite-meter-client/model.go:324.79,325.24 1 2
github.com/zR-JB/graphite-meter/go/cmd/graphite-meter-client/model.go:325.24,328.3 2 0
github.com/zR-JB/graphite-meter/go/cmd/graphite-meter-client/model.go:335.75,336.24 1 0
github.com/zR-JB/graphite-meter/go/cmd/graphite-meter-client/model.go:336.24,341.3 4 0
github.com/zR-JB/graphite-meter/go/cmd/graphite-meter-client/model.go:344.60,352.2 7 8
github.com/zR-JB/graphite-meter/go/cmd/graphite-meter-client/model.go:354.64,355.24 1 6
github.com/zR-JB/graphite-meter/go/cmd/graphite-meter-client/model.go:355.24,357.10 2 2
github.com/zR-JB/graphite-meter/go/cmd/graphite-meter-client/model.go:357.10,359.4 1 0
github.com/zR-JB/graphite-meter/go/cmd/graphite-meter-client/model.go:360.3,361.7 2 2
github.com/zR-JB/graphite-meter/go/cmd/graphite-meter-client/model.go:361.7,362.11 1 4
github.com/zR-JB/graphite-meter/go/cmd/graphite-meter-client/model.go:363.27,364.12 1 4
github.com/zR-JB/graphite-meter/go/cmd/graphite-meter-client/model.go:364.12,366.6 1 2
github.com/zR-JB/graphite-meter/go/cmd/graphite-meter-client/model.go:367.5,367.29 1 2
github.com/zR-JB/graphite-meter/go/cmd/graphite-meter-client/model.go:368.12,369.46 1 0
github.com/zR-JB/graphite-meter/go/cmd/graphite-meter-client/model.go:375.51,376.24 1 1
github.com/zR-JB/graphite-meter/go/cmd/graphite-meter-client/model.go:376.24,378.3 1 0
github.com/zR-JB/graphite-meter/go/cmd/graphite-meter-client/model.go:381.57,382.27 1 41
github.com/zR-JB/graphite-meter/go/cmd/graphite-meter-client/model.go:383.25,385.16 2 2
github.com/zR-JB/graphite-meter/go/cmd/graphite-meter-client/model.go:386.18,387.26 1 5
github.com/zR-JB/graphite-meter/go/cmd/graphite-meter-client/model.go:388.20,389.28 1 6
github.com/zR-JB/graphite-meter/go/cmd/graphite-meter-client/model.go:390.23,391.21 1 0
github.com/zR-JB/graphite-meter/go/cmd/graphite-meter-client/model.go:391.21,393.4 1 0
github.com/zR-JB/graphite-meter/go/cmd/graphite-meter-client/model.go:394.3,395.36 2 0
github.com/zR-JB/graphite-meter/go/cmd/graphite-meter-client/model.go:395.36,397.4 1 0
github.com/zR-JB/graphite-meter/go/cmd/graphite-meter-client/model.go:398.3,400.16 3 0
github.com/zR-JB/graphite-meter/go/cmd/graphite-meter-client/model.go:401.22,402.30 1 10
github.com/zR-JB/graphite-meter/go/cmd/graphite-meter-client/model.go:402.30,404.4 1 2
github.com/zR-JB/graphite-meter/go/cmd/graphite-meter-client/model.go:405.3,407.23 3 8
github.com/zR-JB/graphite-meter/go/cmd/graphite-meter-client/model.go:407.23,410.4 2 3
github.com/zR-JB/graphite-meter/go/cmd/graphite-meter-client/model.go:411.3,411.21 1 8
github.com/zR-JB/graphite-meter/go/cmd/graphite-meter-client/model.go:411.21,413.36 2 6
github.com/zR-JB/graphite-meter/go/cmd/graphite-meter-client/model.go:413.36,416.25 3 2
github.com/zR-JB/graphite-meter/go/cmd/graphite-meter-client/model.go:416.25,418.6 1 1
github.com/zR-JB/graphite-meter/go/cmd/graphite-meter-client/model.go:419.5,421.91 3 2
github.com/zR-JB/graphite-meter/go/cmd/graphite-meter-client/model.go:423.4,425.24 3 4
github.com/zR-JB/graphite-meter/go/cmd/graphite-meter-client/model.go:425.24,427.5 1 2
github.com/zR-JB/graphite-meter/go/cmd/graphite-meter-client/model.go:427.10,429.5 1 2
github.com/zR-JB/graphite-meter/go/cmd/graphite-meter-client/model.go:430.4,431.20 2 4
github.com/zR-JB/graphite-meter/go/cmd/graphite-meter-client/model.go:432.9,439.4 6 2
github.com/zR-JB/graphite-meter/go/cmd/graphite-meter-client/model.go:440.3,440.16 1 6
github.com/zR-JB/graphite-meter/go/cmd/graphite-meter-client/model.go:441.24,442.30 1 1
github.com/zR-JB/graphite-meter/go/cmd/graphite-meter-client/model.go:442.30,444.4 1 1
github.com/zR-JB/graphite-meter/go/cmd/graphite-meter-client/model.go:445.3,445.21 1 0
github.com/zR-JB/graphite-meter/go/cmd/graphite-meter-client/model.go:445.21,449.4 3 0
github.com/zR-JB/graphite-meter/go/cmd/graphite-meter-client/model.go:450.3,454.76 5 0
github.com/zR-JB/graphite-meter/go/cmd/graphite-meter-client/model.go:455.20,456.30 1 5
github.com/zR-JB/graphite-meter/go/cmd/graphite-meter-client/model.go:456.30,458.4 1 2
github.com/zR-JB/graphite-meter/go/cmd/graphite-meter-client/model.go:459.3,460.21 2 3
github.com/zR-JB/graphite-meter/go/cmd/graphite-meter-client/model.go:460.21,464.4 3 1
github.com/zR-JB/graphite-meter/go/cmd/graphite-meter-client/model.go:465.3,466.66 2 2
github.com/zR-JB/graphite-meter/go/cmd/graphite-meter-client/model.go:466.66,469.4 2 1
github.com/zR-JB/graphite-meter/go/cmd/graphite-meter-client/model.go:470.3,473.26 4 1
github.com/zR-JB/graphite-meter/go/cmd/graphite-meter-client/model.go:474.17,475.26 1 6
github.com/zR-JB/graphite-meter/go/cmd/graphite-meter-client/model.go:475.26,477.4 1 1
github.com/zR-JB/graphite-meter/go/cmd/graphite-meter-client/model.go:478.3,479.36 2 5
github.com/zR-JB/graphite-meter/go/cmd/graphite-meter-client/model.go:479.36,481.4 1 7
github.com/zR-JB/graphite-meter/go/cmd/graphite-meter-client/model.go:482.3,482.40 1 5
github.com/zR-JB/graphite-meter/go/cmd/graphite-meter-client/model.go:482.40,484.4 1 4
github.com/zR-JB/graphite-meter/go/cmd/graphite-meter-client/model.go:485.15,486.26 1 6
github.com/zR-JB/graphite-meter/go/cmd/graphite-meter-client/model.go:486.26,488.4 1 1
github.com/zR-JB/graphite-meter/go/cmd/graphite-meter-client/model.go:489.3,490.35 2 5
github.com/zR-JB/graphite-meter/go/cmd/graphite-meter-client/model.go:490.35,491.23 1 0
github.com/zR-JB/graphite-meter/go/cmd/graphite-meter-client/model.go:491.23,493.5 1 0
github.com/zR-JB/graphite-meter/go/cmd/graphite-meter-client/model.go:494.4,498.37 5 0
github.com/zR-JB/graphite-meter/go/cmd/graphite-meter-client/model.go:498.37,500.5 1 0
github.com/zR-JB/graphite-meter/go/cmd/graphite-meter-client/model.go:501.4,502.90 2 0
github.com/zR-JB/graphite-meter/go/cmd/graphite-meter-client/model.go:504.3,504.79 1 5
github.com/zR-JB/graphite-meter/go/cmd/graphite-meter-client/model.go:504.79,507.4 2 1
github.com/zR-JB/graphite-meter/go/cmd/graphite-meter-client/model.go:508.3,508.78 1 5
github.com/zR-JB/graphite-meter/go/cmd/graphite-meter-client/model.go:508.78,510.4 1 2
github.com/zR-JB/graphite-meter/go/cmd/graphite-meter-client/model.go:511.3,514.16 4 5
github.com/zR-JB/graphite-meter/go/cmd/graphite-meter-client/model.go:515.10,518.30 1 0
github.com/zR-JB/graphite-meter/go/cmd/graphite-meter-client/model.go:518.30,522.4 3 0
github.com/zR-JB/graphite-meter/go/cmd/graphite-meter-client/model.go:524.2,524.15 1 1
github.com/zR-JB/graphite-meter/go/cmd/graphite-meter-client/model.go:527.63,528.9 1 69
github.com/zR-JB/graphite-meter/go/cmd/graphite-meter-client/model.go:529.31,530.30 1 23
github.com/zR-JB/graphite-meter/go/cmd/graphite-meter-client/model.go:531.25,538.16 3 8
github.com/zR-JB/graphite-meter/go/cmd/graphite-meter-client/model.go:539.35,540.22 1 4
github.com/zR-JB/graphite-meter/go/cmd/graphite-meter-client/model.go:540.22,542.4 1 2
github.com/zR-JB/graphite-meter/go/cmd/graphite-meter-client/model.go:543.3,543.21 1 4
github.com/zR-JB/graphite-meter/go/cmd/graphite-meter-client/model.go:544.22,545.35 1 2
github.com/zR-JB/graphite-meter/go/cmd/graphite-meter-client/model.go:546.35,548.16 2 1
github.com/zR-JB/graphite-meter/go/cmd/graphite-meter-client/model.go:549.25,550.29 1 4
github.com/zR-JB/graphite-meter/go/cmd/graphite-meter-client/model.go:552.2,552.34 1 27
github.com/zR-JB/graphite-meter/go/cmd/graphite-meter-client/model.go:555.72,557.18 2 27
github.com/zR-JB/graphite-meter/go/cmd/graphite-meter-client/model.go:557.18,559.3 1 8
github.com/zR-JB/graphite-meter/go/cmd/graphite-meter-client/model.go:560.2,560.9 1 27
github.com/zR-JB/graphite-meter/go/cmd/graphite-meter-client/model.go:561.39,563.42 2 8
github.com/zR-JB/graphite-meter/go/cmd/graphite-meter-client/model.go:564.35,565.47 1 11
github.com/zR-JB/graphite-meter/go/cmd/graphite-meter-client/model.go:566.39,567.21 1 1
github.com/zR-JB/graphite-meter/go/cmd/graphite-meter-client/model.go:568.34,569.22 1 1
github.com/zR-JB/graphite-meter/go/cmd/graphite-meter-client/model.go:570.37,571.26 1 2
github.com/zR-JB/graphite-meter/go/cmd/graphite-meter-client/model.go:573.2,573.15 1 23
github.com/zR-JB/graphite-meter/go/cmd/graphite-meter-client/model.go:578.48,582.2 1 46
github.com/zR-JB/graphite-meter/go/cmd/graphite-meter-client/model.go:584.66,585.17 1 4
github.com/zR-JB/graphite-meter/go/cmd/graphite-meter-client/model.go:585.17,586.55 1 3
github.com/zR-JB/graphite-meter/go/cmd/graphite-meter-client/model.go:586.55,589.4 2 2
github.com/zR-JB/graphite-meter/go/cmd/graphite-meter-client/model.go:590.3,590.16 1 3
github.com/zR-JB/graphite-meter/go/cmd/graphite-meter-client/model.go:592.2,592.9 1 1
github.com/zR-JB/graphite-meter/go/cmd/graphite-meter-client/model.go:593.35,596.12 3 1
github.com/zR-JB/graphite-meter/go/cmd/graphite-meter-client/model.go:597.36,598.22 1 0
github.com/zR-JB/graphite-meter/go/cmd/graphite-meter-client/model.go:600.2,600.15 1 1
github.com/zR-JB/graphite-meter/go/cmd/graphite-meter-client/model.go:603.72,605.37 2 2
github.com/zR-JB/graphite-meter/go/cmd/graphite-meter-client/model.go:605.37,608.3 2 1
github.com/zR-JB/graphite-meter/go/cmd/graphite-meter-client/model.go:609.2,609.21 1 1
github.com/zR-JB/graphite-meter/go/cmd/graphite-meter-client/model.go:609.21,612.3 2 1
github.com/zR-JB/graphite-meter/go/cmd/graphite-meter-client/model.go:613.2,614.15 2 1
github.com/zR-JB/graphite-meter/go/cmd/graphite-meter-client/model.go:620.67,621.77 1 6
github.com/zR-JB/graphite-meter/go/cmd/graphite-meter-client/model.go:621.77,623.3 1 2
github.com/zR-JB/graphite-meter/go/cmd/graphite-meter-client/model.go:624.2,624.56 1 4
github.com/zR-JB/graphite-meter/go/cmd/graphite-meter-client/model.go:624.56,626.3 1 0
github.com/zR-JB/graphite-meter/go/cmd/graphite-meter-client/model.go:627.2,627.25 1 4
github.com/zR-JB/graphite-meter/go/cmd/graphite-meter-client/model.go:627.25,628.34 1 1
github.com/zR-JB/graphite-meter/go/cmd/graphite-meter-client/model.go:628.34,629.43 1 3
github.com/zR-JB/graphite-meter/go/cmd/graphite-meter-client/model.go:629.43,632.10 3 1
github.com/zR-JB/graphite-meter/go/cmd/graphite-meter-client/model.go:635.3,635.16 1 1
github.com/zR-JB/graphite-meter/go/cmd/graphite-meter-client/model.go:637.2,637.29 1 3
github.com/zR-JB/graphite-meter/go/cmd/graphite-meter-client/model.go:637.29,639.3 1 1
github.com/zR-JB/graphite-meter/go/cmd/graphite-meter-client/model.go:640.2,640.31 1 2
github.com/zR-JB/graphite-meter/go/cmd/graphite-meter-client/model.go:640.31,641.17 1 6
github.com/zR-JB/graphite-meter/go/cmd/graphite-meter-client/model.go:641.17,642.12 1 4
github.com/zR-JB/graphite-meter/go/cmd/graphite-meter-client/model.go:644.3,644.17 1 2
github.com/zR-JB/graphite-meter/go/cmd/graphite-meter-client/model.go:644.17,646.4 1 1
github.com/zR-JB/graphite-meter/go/cmd/graphite-meter-client/model.go:647.3,648.16 2 1
github.com/zR-JB/graphite-meter/go/cmd/graphite-meter-client/model.go:650.2,650.15 1 0
github.com/zR-JB/graphite-meter/go/cmd/graphite-meter-client/model.go:655.47,659.84 4 2
github.com/zR-JB/graphite-meter/go/cmd/graphite-meter-client/model.go:659.84,661.3 1 1
github.com/zR-JB/graphite-meter/go/cmd/graphite-meter-client/model.go:662.2,662.18 1 1
github.com/zR-JB/graphite-meter/go/cmd/graphite-meter-client/model.go:665.67,666.9 1 23
github.com/zR-JB/graphite-meter/go/cmd/graphite-meter-client/model.go:667.36,668.22 1 1
github.com/zR-JB/graphite-meter/go/cmd/graphite-meter-client/model.go:668.22,670.4 1 0
github.com/zR-JB/graphite-meter/go/cmd/graphite-meter-client/model.go:671.3,671.21 1 1
github.com/zR-JB/graphite-meter/go/cmd/graphite-meter-client/model.go:672.38,675.16 3 2
github.com/zR-JB/graphite-meter/go/cmd/graphite-meter-client/model.go:676.36,679.22 3 5
github.com/zR-JB/graphite-meter/go/cmd/graphite-meter-client/model.go:679.22,681.4 1 3
github.com/zR-JB/graphite-meter/go/cmd/graphite-meter-client/model.go:682.3,682.16 1 2
github.com/zR-JB/graphite-meter/go/cmd/graphite-meter-client/model.go:684.2,687.15 4 15
github.com/zR-JB/graphite-meter/go/cmd/graphite-meter-client/model.go:691.45,694.2 2 17
github.com/zR-JB/graphite-meter/go/cmd/graphite-meter-client/model.go:696.45,699.2 2 18
github.com/zR-JB/graphite-meter/go/cmd/graphite-meter-client/model.go:701.30,705.21 3 35
github.com/zR-JB/graphite-meter/go/cmd/graphite-meter-client/model.go:706.15,707.16 1 10
github.com/zR-JB/graphite-meter/go/cmd/graphite-meter-client/model.go:707.16,710.4 2 1
github.com/zR-JB/graphite-meter/go/cmd/graphite-meter-client/model.go:713.3,713.36 1 9
github.com/zR-JB/graphite-meter/go/cmd/graphite-meter-client/model.go:713.36,715.4 1 2
github.com/zR-JB/graphite-meter/go/cmd/graphite-meter-client/model.go:716.3,716.106 1 9
github.com/zR-JB/graphite-meter/go/cmd/graphite-meter-client/model.go:716.106,719.4 2 3
github.com/zR-JB/graphite-meter/go/cmd/graphite-meter-client/model.go:720.3,720.27 1 6
github.com/zR-JB/graphite-meter/go/cmd/graphite-meter-client/model.go:720.27,723.4 2 5
github.com/zR-JB/graphite-meter/go/cmd/graphite-meter-client/model.go:724.3,725.43 2 6
github.com/zR-JB/graphite-meter/go/cmd/graphite-meter-client/model.go:726.20,728.56 1 16
github.com/zR-JB/graphite-meter/go/cmd/graphite-meter-client/model.go:728.56,730.4 1 2
github.com/zR-JB/graphite-meter/go/cmd/graphite-meter-client/model.go:731.3,732.26 2 16
github.com/zR-JB/graphite-meter/go/cmd/graphite-meter-client/model.go:732.26,735.4 2 4
github.com/zR-JB/graphite-meter/go/cmd/graphite-meter-client/model.go:736.3,736.16 1 12
github.com/zR-JB/graphite-meter/go/cmd/graphite-meter-client/model.go:737.17,738.20 1 2
github.com/zR-JB/graphite-meter/go/cmd/graphite-meter-client/model.go:739.18,740.14 1 2
github.com/zR-JB/graphite-meter/go/cmd/graphite-meter-client/model.go:740.14,743.5 2 1
github.com/zR-JB/graphite-meter/go/cmd/graphite-meter-client/model.go:744.4,744.29 1 1
github.com/zR-JB/graphite-meter/go/cmd/graphite-meter-client/model.go:745.19,746.14 1 5
github.com/zR-JB/graphite-meter/go/cmd/graphite-meter-client/model.go:746.14,749.5 2 1
github.com/zR-JB/graphite-meter/go/cmd/graphite-meter-client/model.go:750.4,750.30 1 4
github.com/zR-JB/graphite-meter/go/cmd/graphite-meter-client/model.go:751.17,752.14 1 1
github.com/zR-JB/graphite-meter/go/cmd/graphite-meter-client/model.go:752.14,755.5 2 1
github.com/zR-JB/graphite-meter/go/cmd/graphite-meter-client/model.go:756.4,756.28 1 0
github.com/zR-JB/graphite-meter/go/cmd/graphite-meter-client/model.go:757.24,758.14 1 1
github.com/zR-JB/graphite-meter/go/cmd/graphite-meter-client/model.go:758.14,761.5 2 1
github.com/zR-JB/graphite-meter/go/cmd/graphite-meter-client/model.go:762.4,762.35 1 0
github.com/zR-JB/graphite-meter/go/cmd/graphite-meter-client/model.go:763.15,764.14 1 1
github.com/zR-JB/graphite-meter/go/cmd/graphite-meter-client/model.go:764.14,767.5 2 1
github.com/zR-JB/graphite-meter/go/cmd/graphite-meter-client/model.go:768.4,768.26 1 0
github.com/zR-JB/graphite-meter/go/cmd/graphite-meter-client/model.go:770.3,770.36 1 7
github.com/zR-JB/graphite-meter/go/cmd/graphite-meter-client/model.go:771.15,774.30 3 9
github.com/zR-JB/graphite-meter/go/cmd/graphite-meter-client/model.go:774.30,776.4 1 2
github.com/zR-JB/graphite-meter/go/cmd/graphite-meter-client/model.go:777.3,777.39 1 9
github.com/zR-JB/graphite-meter/go/cmd/graphite-meter-client/model.go:777.39,778.31 1 4
github.com/zR-JB/graphite-meter/go/cmd/graphite-meter-client/model.go:778.31,781.5 2 1
github.com/zR-JB/graphite-meter/go/cmd/graphite-meter-client/model.go:782.4,783.10 2 3
github.com/zR-JB/graphite-meter/go/cmd/graphite-meter-client/model.go:785.3,785.30 1 5
github.com/zR-JB/graphite-meter/go/cmd/graphite-meter-client/model.go:785.30,787.4 1 1
github.com/zR-JB/graphite-meter/go/cmd/graphite-meter-client/model.go:787.9,789.4 1 4
github.com/zR-JB/graphite-meter/go/cmd/graphite-meter-client/model.go:790.3,790.52 1 5
github.com/zR-JB/graphite-meter/go/cmd/graphite-meter-client/model.go:794.48,795.19 1 27
github.com/zR-JB/graphite-meter/go/cmd/graphite-meter-client/model.go:796.22,797.33 1 5
github.com/zR-JB/graphite-meter/go/cmd/graphite-meter-client/model.go:797.33,799.35 2 2
github.com/zR-JB/graphite-meter/go/cmd/graphite-meter-client/model.go:799.35,802.5 2 2
github.com/zR-JB/graphite-meter/go/cmd/graphite-meter-client/model.go:803.4,805.17 3 2
github.com/zR-JB/graphite-meter/go/cmd/graphite-meter-client/model.go:807.3,808.63 2 3
github.com/zR-JB/graphite-meter/go/cmd/graphite-meter-client/model.go:809.23,810.16 1 5
github.com/zR-JB/graphite-meter/go/cmd/graphite-meter-client/model.go:811.10,812.48 1 1
github.com/zR-JB/graphite-meter/go/cmd/graphite-meter-client/model.go:813.10,814.50 1 1
github.com/zR-JB/graphite-meter/go/cmd/graphite-meter-client/model.go:815.10,816.46 1 1
github.com/zR-JB/graphite-meter/go/cmd/graphite-meter-client/model.go:817.10,818.60 1 1
github.com/zR-JB/graphite-meter/go/cmd/graphite-meter-client/model.go:819.10,820.46 1 1
github.com/zR-JB/graphite-meter/go/cmd/graphite-meter-client/model.go:822.3,822.38 1 5
github.com/zR-JB/graphite-meter/go/cmd/graphite-meter-client/model.go:823.21,825.67 2 7
github.com/zR-JB/graphite-meter/go/cmd/graphite-meter-client/model.go:826.26,827.16 1 10
github.com/zR-JB/graphite-meter/go/cmd/graphite-meter-client/model.go:828.10,829.102 1 4
github.com/zR-JB/graphite-meter/go/cmd/graphite-meter-client/model.go:829.102,829.121 1 11
github.com/zR-JB/graphite-meter/go/cmd/graphite-meter-client/model.go:830.4,831.45 2 4
github.com/zR-JB/graphite-meter/go/cmd/graphite-meter-client/model.go:832.10,833.96 1 2
github.com/zR-JB/graphite-meter/go/cmd/graphite-meter-client/model.go:833.96,833.115 1 6
github.com/zR-JB/graphite-meter/go/cmd/graphite-meter-client/model.go:834.4,835.42 2 2
github.com/zR-JB/graphite-meter/go/cmd/graphite-meter-client/model.go:836.10,838.45 2 0
github.com/zR-JB/graphite-meter/go/cmd/graphite-meter-client/model.go:839.10,841.77 2 1
github.com/zR-JB/graphite-meter/go/cmd/graphite-meter-client/model.go:842.10,844.94 2 1
github.com/zR-JB/graphite-meter/go/cmd/graphite-meter-client/model.go:845.10,847.50 2 1
github.com/zR-JB/graphite-meter/go/cmd/graphite-meter-client/model.go:848.10,850.49 2 1
github.com/zR-JB/graphite-meter/go/cmd/graphite-meter-client/model.go:852.18,853.22 1 0
github.com/zR-JB/graphite-meter/go/cmd/graphite-meter-client/model.go:855.2,855.15 1 25
github.com/zR-JB/graphite-meter/go/cmd/graphite-meter-client/model.go:858.44,859.108 1 3
github.com/zR-JB/graphite-meter/go/cmd/graphite-meter-client/model.go:859.108,865.3 5 2
github.com/zR-JB/graphite-meter/go/cmd/graphite-meter-client/model.go:867.2,872.12 6 1
github.com/zR-JB/graphite-meter/go/cmd/graphite-meter-client/model.go:872.12,874.29 2 1
github.com/zR-JB/graphite-meter/go/cmd/graphite-meter-client/model.go:874.29,875.90 1 0
github.com/zR-JB/graphite-meter/go/cmd/graphite-meter-client/model.go:875.90,877.5 1 0
github.com/zR-JB/graphite-meter/go/cmd/graphite-meter-client/model.go:879.3,879.50 1 1
github.com/zR-JB/graphite-meter/go/cmd/graphite-meter-client/model.go:879.50,880.11 1 1
github.com/zR-JB/graphite-meter/go/cmd/graphite-meter-client/model.go:881.21,881.21 0 1
github.com/zR-JB/graphite-meter/go/cmd/graphite-meter-client/model.go:882.22,882.22 0 0
github.com/zR-JB/graphite-meter/go/cmd/graphite-meter-client/model.go:885.3,886.16 2 1
github.com/zR-JB/graphite-meter/go/cmd/graphite-meter-client/model.go:889.2,911.90 23 1
github.com/zR-JB/graphite-meter/go/cmd/graphite-meter-client/model.go:914.41,915.16 1 44
github.com/zR-JB/graphite-meter/go/cmd/graphite-meter-client/model.go:916.31,917.25 1 1
github.com/zR-JB/graphite-meter/go/cmd/graphite-meter-client/model.go:917.25,919.22 2 1
github.com/zR-JB/graphite-meter/go/cmd/graphite-meter-client/model.go:919.22,921.5 1 1
github.com/zR-JB/graphite-meter/go/cmd/graphite-meter-client/model.go:922.4,926.22 5 1
github.com/zR-JB/graphite-meter/go/cmd/graphite-meter-client/model.go:926.22,928.5 1 0
github.com/zR-JB/graphite-meter/go/cmd/graphite-meter-client/model.go:929.4,930.26 2 1
github.com/zR-JB/graphite-meter/go/cmd/graphite-meter-client/model.go:932.27,935.18 3 10
github.com/zR-JB/graphite-meter/go/cmd/graphite-meter-client/model.go:936.32,938.54 2 12
github.com/zR-JB/graphite-meter/go/cmd/graphite-meter-client/model.go:938.54,940.4 1 10
github.com/zR-JB/graphite-meter/go/cmd/graphite-meter-client/model.go:941.29,942.21 1 5
github.com/zR-JB/graphite-meter/go/cmd/graphite-meter-client/model.go:942.21,944.4 1 2
github.com/zR-JB/graphite-meter/go/cmd/graphite-meter-client/model.go:944.9,947.4 2 3
github.com/zR-JB/graphite-meter/go/cmd/graphite-meter-client/model.go:948.28,949.22 1 9
github.com/zR-JB/graphite-meter/go/cmd/graphite-meter-client/model.go:949.22,952.4 2 8
github.com/zR-JB/graphite-meter/go/cmd/graphite-meter-client/model.go:953.30,955.20 2 4
github.com/zR-JB/graphite-meter/go/cmd/graphite-meter-client/model.go:956.27,959.17 3 3
github.com/zR-JB/graphite-meter/go/cmd/graphite-meter-client/model.go:965.46,967.19 2 10
github.com/zR-JB/graphite-meter/go/cmd/graphite-meter-client/model.go:968.16,969.22 1 1
github.com/zR-JB/graphite-meter/go/cmd/graphite-meter-client/model.go:970.17,971.25 1 6
github.com/zR-JB/graphite-meter/go/cmd/graphite-meter-client/model.go:972.10,973.9 1 3
github.com/zR-JB/graphite-meter/go/cmd/graphite-meter-client/model.go:975.2,975.26 1 7
github.com/zR-JB/graphite-meter/go/cmd/graphite-meter-client/model.go:975.26,976.34 1 18
github.com/zR-JB/graphite-meter/go/cmd/graphite-meter-client/model.go:976.34,978.4 1 5
github.com/zR-JB/graphite-meter/go/cmd/graphite-meter-client/model.go:985.43,986.26 1 8
github.com/zR-JB/graphite-meter/go/cmd/graphite-meter-client/model.go:986.26,987.69 1 12
github.com/zR-JB/graphite-meter/go/cmd/graphite-meter-client/model.go:987.69,989.4 1 3
github.com/zR-JB/graphite-meter/go/cmd/graphite-meter-client/model.go:995.30,996.26 1 8
github.com/zR-JB/graphite-meter/go/cmd/graphite-meter-client/model.go:996.26,997.70 1 6
github.com/zR-JB/graphite-meter/go/cmd/graphite-meter-client/model.go:997.70,999.4 1 2
github.com/zR-JB/graphite-meter/go/cmd/graphite-meter-client/model.go:1003.31,1004.19 1 109
github.com/zR-JB/graphite-meter/go/cmd/graphite-meter-client/model.go:1005.22,1006.32 1 20
github.com/zR-JB/graphite-meter/go/cmd/graphite-meter-client/model.go:1007.23,1008.11 1 26
github.com/zR-JB/graphite-meter/go/cmd/graphite-meter-client/model.go:1009.21,1010.11 1 24
github.com/zR-JB/graphite-meter/go/cmd/graphite-meter-client/model.go:1011.26,1012.11 1 28
github.com/zR-JB/graphite-meter/go/cmd/graphite-meter-client/model.go:1013.18,1014.11 1 11
github.com/zR-JB/graphite-meter/go/cmd/graphite-meter-client/model.go:1015.10,1016.11 1 0
github.com/zR-JB/graphite-meter/go/cmd/graphite-meter-client/model.go:1023.46,1024.13 1 21
github.com/zR-JB/graphite-meter/go/cmd/graphite-meter-client/model.go:1025.9,1026.31 1 3
github.com/zR-JB/graphite-meter/go/cmd/graphite-meter-client/model.go:1027.9,1028.40 1 3
github.com/zR-JB/graphite-meter/go/cmd/graphite-meter-client/model.go:1029.9,1030.41 1 5
github.com/zR-JB/graphite-meter/go/cmd/graphite-meter-client/model.go:1031.9,1032.39 1 3
github.com/zR-JB/graphite-meter/go/cmd/graphite-meter-client/model.go:1033.9,1034.46 1 3
github.com/zR-JB/graphite-meter/go/cmd/graphite-meter-client/model.go:1035.9,1036.37 1 3
github.com/zR-JB/graphite-meter/go/cmd/graphite-meter-client/model.go:1037.10,1038.12 1 1
github.com/zR-JB/graphite-meter/go/cmd/graphite-meter-client/model.go:1042.35,1043.39 1 22
github.com/zR-JB/graphite-meter/go/cmd/graphite-meter-client/model.go:1043.39,1044.24 1 35
github.com/zR-JB/graphite-meter/go/cmd/graphite-meter-client/model.go:1044.24,1046.4 1 16
github.com/zR-JB/graphite-meter/go/cmd/graphite-meter-client/model.go:1048.2,1048.11 1 6
github.com/zR-JB/graphite-meter/go/cmd/graphite-meter-client/model.go:1051.49,1052.24 1 32
github.com/zR-JB/graphite-meter/go/cmd/graphite-meter-client/model.go:1052.24,1054.3 1 26
github.com/zR-JB/graphite-meter/go/cmd/graphite-meter-client/model.go:1055.2,1055.33 1 6
github.com/zR-JB/graphite-meter/go/cmd/graphite-meter-client/model.go:1061.74,1064.33 3 58
github.com/zR-JB/graphite-meter/go/cmd/graphite-meter-client/model.go:1064.33,1067.29 3 17
github.com/zR-JB/graphite-meter/go/cmd/graphite-meter-client/model.go:1067.29,1068.12 1 5
github.com/zR-JB/graphite-meter/go/cmd/graphite-meter-client/model.go:1070.3,1071.35 2 12
github.com/zR-JB/graphite-meter/go/cmd/graphite-meter-client/model.go:1073.2,1073.16 1 58
github.com/zR-JB/graphite-meter/go/cmd/graphite-meter-client/model.go:1076.58,1077.33 1 6
github.com/zR-JB/graphite-meter/go/cmd/graphite-meter-client/model.go:1077.33,1078.24 1 10
github.com/zR-JB/graphite-meter/go/cmd/graphite-meter-client/model.go:1078.24,1080.4 1 6
github.com/zR-JB/graphite-meter/go/cmd/graphite-meter-client/model.go:1082.2,1082.19 1 0
github.com/zR-JB/graphite-meter/go/cmd/graphite-meter-client/theme.go:11.64,16.2 1 10
github.com/zR-JB/graphite-meter/go/cmd/graphite-meter-client/view.go:36.26,39.2 2 91
github.com/zR-JB/graphite-meter/go/cmd/graphite-meter-client/view.go:45.42,47.2 1 461
github.com/zR-JB/graphite-meter/go/cmd/graphite-meter-client/view.go:49.30,56.23 6 91
github.com/zR-JB/graphite-meter/go/cmd/graphite-meter-client/view.go:56.23,58.3 1 3
github.com/zR-JB/graphite-meter/go/cmd/graphite-meter-client/view.go:58.8,61.3 1 88
github.com/zR-JB/graphite-meter/go/cmd/graphite-meter-client/view.go:62.2,64.38 3 91
github.com/zR-JB/graphite-meter/go/cmd/graphite-meter-client/view.go:70.33,72.2 1 188
github.com/zR-JB/graphite-meter/go/cmd/graphite-meter-client/view.go:76.38,78.2 1 2261
github.com/zR-JB/graphite-meter/go/cmd/graphite-meter-client/view.go:81.39,83.29 2 185
github.com/zR-JB/graphite-meter/go/cmd/graphite-meter-client/view.go:83.29,85.3 1 1903
github.com/zR-JB/graphite-meter/go/cmd/graphite-meter-client/view.go:86.2,86.34 1 185
github.com/zR-JB/graphite-meter/go/cmd/graphite-meter-client/view.go:89.37,91.23 2 91
github.com/zR-JB/graphite-meter/go/cmd/graphite-meter-client/view.go:91.23,93.3 1 3
github.com/zR-JB/graphite-meter/go/cmd/graphite-meter-client/view.go:94.2,100.20 6 91
github.com/zR-JB/graphite-meter/go/cmd/graphite-meter-client/view.go:100.20,102.3 1 3
github.com/zR-JB/graphite-meter/go/cmd/graphite-meter-client/view.go:103.2,103.122 1 91
github.com/zR-JB/graphite-meter/go/cmd/graphite-meter-client/view.go:113.59,114.12 1 91
github.com/zR-JB/graphite-meter/go/cmd/graphite-meter-client/view.go:114.12,116.3 1 34
github.com/zR-JB/graphite-meter/go/cmd/graphite-meter-client/view.go:117.2,119.35 3 57
github.com/zR-JB/graphite-meter/go/cmd/graphite-meter-client/view.go:122.46,136.12 9 88
github.com/zR-JB/graphite-meter/go/cmd/graphite-meter-client/view.go:136.12,138.3 1 56
github.com/zR-JB/graphite-meter/go/cmd/graphite-meter-client/view.go:138.8,142.3 3 32
github.com/zR-JB/graphite-meter/go/cmd/graphite-meter-client/view.go:143.2,143.20 1 88
github.com/zR-JB/graphite-meter/go/cmd/graphite-meter-client/view.go:143.20,146.3 2 88
github.com/zR-JB/graphite-meter/go/cmd/graphite-meter-client/view.go:147.2,147.19 1 88
github.com/zR-JB/graphite-meter/go/cmd/graphite-meter-client/view.go:150.40,154.38 4 88
github.com/zR-JB/graphite-meter/go/cmd/graphite-meter-client/view.go:154.38,156.30 2 440
github.com/zR-JB/graphite-meter/go/cmd/graphite-meter-client/view.go:156.30,158.4 1 88
github.com/zR-JB/graphite-meter/go/cmd/graphite-meter-client/view.go:159.3,162.29 4 440
github.com/zR-JB/graphite-meter/go/cmd/graphite-meter-client/view.go:164.2,165.30 2 88
github.com/zR-JB/graphite-meter/go/cmd/graphite-meter-client/view.go:165.30,167.3 1 85
github.com/zR-JB/graphite-meter/go/cmd/graphite-meter-client/view.go:171.2,171.25 1 88
github.com/zR-JB/graphite-meter/go/cmd/graphite-meter-client/view.go:174.42,175.19 1 88
github.com/zR-JB/graphite-meter/go/cmd/graphite-meter-client/view.go:176.22,177.26 1 19
github.com/zR-JB/graphite-meter/go/cmd/graphite-meter-client/view.go:178.23,179.25 1 15
github.com/zR-JB/graphite-meter/go/cmd/graphite-meter-client/view.go:180.21,181.25 1 20
github.com/zR-JB/graphite-meter/go/cmd/graphite-meter-client/view.go:182.26,183.26 1 26
github.com/zR-JB/graphite-meter/go/cmd/graphite-meter-client/view.go:184.18,185.26 1 8
github.com/zR-JB/graphite-meter/go/cmd/graphite-meter-client/view.go:186.10,187.12 1 0
github.com/zR-JB/graphite-meter/go/cmd/graphite-meter-client/view.go:191.42,194.39 3 19
github.com/zR-JB/graphite-meter/go/cmd/graphite-meter-client/view.go:194.39,196.18 2 57
github.com/zR-JB/graphite-meter/go/cmd/graphite-meter-client/view.go:196.18,198.4 1 14
github.com/zR-JB/graphite-meter/go/cmd/graphite-meter-client/view.go:199.3,202.61 4 57
github.com/zR-JB/graphite-meter/go/cmd/graphite-meter-client/view.go:204.2,205.18 2 19
github.com/zR-JB/graphite-meter/go/cmd/graphite-meter-client/view.go:205.18,207.3 1 5
github.com/zR-JB/graphite-meter/go/cmd/graphite-meter-client/view.go:208.2,208.28 1 19
github.com/zR-JB/graphite-meter/go/cmd/graphite-meter-client/view.go:208.28,210.3 1 0
github.com/zR-JB/graphite-meter/go/cmd/graphite-meter-client/view.go:211.2,213.55 3 19
github.com/zR-JB/graphite-meter/go/cmd/graphite-meter-client/view.go:216.41,225.2 2 15
github.com/zR-JB/graphite-meter/go/cmd/graphite-meter-client/view.go:227.41,236.33 2 20
github.com/zR-JB/graphite-meter/go/cmd/graphite-meter-client/view.go:236.33,238.3 1 0
github.com/zR-JB/graphite-meter/go/cmd/graphite-meter-client/view.go:239.2,239.43 1 20
github.com/zR-JB/graphite-meter/go/cmd/graphite-meter-client/view.go:242.42,244.98 2 26
github.com/zR-JB/graphite-meter/go/cmd/graphite-meter-client/view.go:244.98,244.117 1 0
github.com/zR-JB/graphite-meter/go/cmd/graphite-meter-client/view.go:245.2,245.89 1 26
github.com/zR-JB/graphite-meter/go/cmd/graphite-meter-client/view.go:245.89,245.108 1 0
github.com/zR-JB/graphite-meter/go/cmd/graphite-meter-client/view.go:246.2,247.32 2 26
github.com/zR-JB/graphite-meter/go/cmd/graphite-meter-client/view.go:247.32,250.3 2 0
github.com/zR-JB/graphite-meter/go/cmd/graphite-meter-client/view.go:251.2,260.36 2 26
github.com/zR-JB/graphite-meter/go/cmd/graphite-meter-client/view.go:260.36,262.3 1 0
github.com/zR-JB/graphite-meter/go/cmd/graphite-meter-client/view.go:263.2,263.31 1 26
github.com/zR-JB/graphite-meter/go/cmd/graphite-meter-client/view.go:263.31,265.3 1 0
github.com/zR-JB/graphite-meter/go/cmd/graphite-meter-client/view.go:266.2,266.48 1 26
github.com/zR-JB/graphite-meter/go/cmd/graphite-meter-client/view.go:269.42,271.25 2 8
github.com/zR-JB/graphite-meter/go/cmd/graphite-meter-client/view.go:272.15,273.36 1 0
github.com/zR-JB/graphite-meter/go/cmd/graphite-meter-client/view.go:274.16,275.34 1 0
github.com/zR-JB/graphite-meter/go/cmd/graphite-meter-client/view.go:276.10,277.38 1 8
github.com/zR-JB/graphite-meter/go/cmd/graphite-meter-client/view.go:279.2,279.53 1 8
github.com/zR-JB/graphite-meter/go/cmd/graphite-meter-client/view.go:284.35,285.22 1 0
github.com/zR-JB/graphite-meter/go/cmd/graphite-meter-client/view.go:285.22,287.3 1 0
github.com/zR-JB/graphite-meter/go/cmd/graphite-meter-client/view.go:288.2,288.45 1 0
github.com/zR-JB/graphite-meter/go/cmd/graphite-meter-client/view.go:291.73,293.27 2 69
github.com/zR-JB/graphite-meter/go/cmd/graphite-meter-client/view.go:293.27,296.3 2 385
github.com/zR-JB/graphite-meter/go/cmd/graphite-meter-client/view.go:297.2,297.55 1 69
github.com/zR-JB/graphite-meter/go/cmd/graphite-meter-client/view.go:300.56,302.16 2 461
github.com/zR-JB/graphite-meter/go/cmd/graphite-meter-client/view.go:302.16,305.3 2 88
github.com/zR-JB/graphite-meter/go/cmd/graphite-meter-client/view.go:306.2,306.19 1 461
github.com/zR-JB/graphite-meter/go/cmd/graphite-meter-client/view.go:309.39,313.32 4 88
github.com/zR-JB/graphite-meter/go/cmd/graphite-meter-client/view.go:313.32,317.3 3 0
github.com/zR-JB/graphite-meter/go/cmd/graphite-meter-client/view.go:318.2,320.26 3 88
github.com/zR-JB/graphite-meter/go/cmd/graphite-meter-client/view.go:320.26,322.3 1 0
github.com/zR-JB/graphite-meter/go/cmd/graphite-meter-client/view.go:323.2,332.39 3 88
github.com/zR-JB/graphite-meter/go/cmd/graphite-meter-client/view.go:332.39,334.3 1 264
github.com/zR-JB/graphite-meter/go/cmd/graphite-meter-client/view.go:335.2,335.55 1 88
github.com/zR-JB/graphite-meter/go/cmd/graphite-meter-client/view.go:338.41,340.41 2 88
github.com/zR-JB/graphite-meter/go/cmd/graphite-meter-client/view.go:340.41,342.19 2 352
github.com/zR-JB/graphite-meter/go/cmd/graphite-meter-client/view.go:342.19,344.4 1 0
github.com/zR-JB/graphite-meter/go/cmd/graphite-meter-client/view.go:345.3,345.30 1 352
github.com/zR-JB/graphite-meter/go/cmd/graphite-meter-client/view.go:347.2,347.14 1 88
github.com/zR-JB/graphite-meter/go/cmd/graphite-meter-client/view.go:350.52,351.15 1 352
github.com/zR-JB/graphite-meter/go/cmd/graphite-meter-client/view.go:352.19,353.23 1 88
github.com/zR-JB/graphite-meter/go/cmd/graphite-meter-client/view.go:354.17,355.36 1 0
github.com/zR-JB/graphite-meter/go/cmd/graphite-meter-client/view.go:356.19,357.34 1 0
github.com/zR-JB/graphite-meter/go/cmd/graphite-meter-client/view.go:358.20,359.33 1 0
github.com/zR-JB/graphite-meter/go/cmd/graphite-meter-client/view.go:360.10,361.34 1 264
github.com/zR-JB/graphite-meter/go/cmd/graphite-meter-client/view.go:367.36,368.19 1 90
github.com/zR-JB/graphite-meter/go/cmd/graphite-meter-client/view.go:368.19,370.3 1 89
github.com/zR-JB/graphite-meter/go/cmd/graphite-meter-client/view.go:371.2,378.3 2 1
github.com/zR-JB/graphite-meter/go/cmd/graphite-meter-client/view.go:381.38,386.12 5 3
github.com/zR-JB/graphite-meter/go/cmd/graphite-meter-client/view.go:386.12,388.3 1 1
github.com/zR-JB/graphite-meter/go/cmd/graphite-meter-client/view.go:388.8,392.3 3 2
github.com/zR-JB/graphite-meter/go/cmd/graphite-meter-client/view.go:393.2,393.24 1 3
github.com/zR-JB/graphite-meter/go/cmd/graphite-meter-client/view.go:393.24,396.3 2 3
github.com/zR-JB/graphite-meter/go/cmd/graphite-meter-client/view.go:397.2,397.18 1 3
github.com/zR-JB/graphite-meter/go/cmd/graphite-meter-client/view.go:397.18,400.3 2 0
github.com/zR-JB/graphite-meter/go/cmd/graphite-meter-client/view.go:401.2,401.19 1 3
github.com/zR-JB/graphite-meter/go/cmd/graphite-meter-client/view.go:404.42,406.18 2 3
github.com/zR-JB/graphite-meter/go/cmd/graphite-meter-client/view.go:406.18,408.3 1 0
github.com/zR-JB/graphite-meter/go/cmd/graphite-meter-client/view.go:409.2,410.9 2 3
github.com/zR-JB/graphite-meter/go/cmd/graphite-meter-client/view.go:411.18,412.37 1 0
github.com/zR-JB/graphite-meter/go/cmd/graphite-meter-client/view.go:413.21,414.36 1 0
github.com/zR-JB/graphite-meter/go/cmd/graphite-meter-client/view.go:416.2,427.16 3 3
github.com/zR-JB/graphite-meter/go/cmd/graphite-meter-client/view.go:427.16,429.3 1 0
github.com/zR-JB/graphite-meter/go/cmd/graphite-meter-client/view.go:430.2,430.55 1 3
github.com/zR-JB/graphite-meter/go/cmd/graphite-meter-client/view.go:437.45,438.24 1 5
github.com/zR-JB/graphite-meter/go/cmd/graphite-meter-client/view.go:438.24,440.3 1 0
github.com/zR-JB/graphite-meter/go/cmd/graphite-meter-client/view.go:441.2,443.29 3 5
github.com/zR-JB/graphite-meter/go/cmd/graphite-meter-client/view.go:443.29,445.18 2 15
github.com/zR-JB/graphite-meter/go/cmd/graphite-meter-client/view.go:446.20,448.83 1 1
github.com/zR-JB/graphite-meter/go/cmd/graphite-meter-client/view.go:449.23,452.22 3 1
github.com/zR-JB/graphite-meter/go/cmd/graphite-meter-client/view.go:452.22,455.5 1 1
github.com/zR-JB/graphite-meter/go/cmd/graphite-meter-client/view.go:456.4,456.67 1 1
github.com/zR-JB/graphite-meter/go/cmd/graphite-meter-client/view.go:457.18,458.98 1 0
github.com/zR-JB/graphite-meter/go/cmd/graphite-meter-client/view.go:459.21,460.86 1 0
github.com/zR-JB/graphite-meter/go/cmd/graphite-meter-client/view.go:461.11,462.64 1 13
github.com/zR-JB/graphite-meter/go/cmd/graphite-meter-client/view.go:465.2,465.14 1 5
github.com/zR-JB/graphite-meter/go/cmd/graphite-meter-client/view.go:468.39,477.2 3 3
github.com/zR-JB/graphite-meter/go/cmd/graphite-meter-client/view.go:481.36,483.38 2 4
github.com/zR-JB/graphite-meter/go/cmd/graphite-meter-client/view.go:483.38,485.3 1 0
github.com/zR-JB/graphite-meter/go/cmd/graphite-meter-client/view.go:486.2,486.10 1 4
github.com/zR-JB/graphite-meter/go/cmd/graphite-meter-client/view.go:489.42,493.30 3 5
github.com/zR-JB/graphite-meter/go/cmd/graphite-meter-client/view.go:493.30,494.47 1 6
github.com/zR-JB/graphite-meter/go/cmd/graphite-meter-client/view.go:494.47,496.4 1 5
github.com/zR-JB/graphite-meter/go/cmd/graphite-meter-client/view.go:498.2,500.30 2 5
github.com/zR-JB/graphite-meter/go/cmd/graphite-meter-client/view.go:500.30,501.25 1 6
github.com/zR-JB/graphite-meter/go/cmd/graphite-meter-client/view.go:501.25,509.12 2 0
github.com/zR-JB/graphite-meter/go/cmd/graphite-meter-client/view.go:511.3,513.33 3 6
github.com/zR-JB/graphite-meter/go/cmd/graphite-meter-client/view.go:513.33,515.4 1 1
github.com/zR-JB/graphite-meter/go/cmd/graphite-meter-client/view.go:516.3,517.19 2 6
github.com/zR-JB/graphite-meter/go/cmd/graphite-meter-client/view.go:517.19,519.4 1 1
github.com/zR-JB/graphite-meter/go/cmd/graphite-meter-client/view.go:520.3,528.5 1 6
github.com/zR-JB/graphite-meter/go/cmd/graphite-meter-client/view.go:530.2,530.55 1 5
github.com/zR-JB/graphite-meter/go/cmd/graphite-meter-client/view.go:536.37,537.40 1 2
github.com/zR-JB/graphite-meter/go/cmd/graphite-meter-client/view.go:537.40,539.3 1 1
github.com/zR-JB/graphite-meter/go/cmd/graphite-meter-client/view.go:540.2,541.38 2 1
github.com/zR-JB/graphite-meter/go/cmd/graphite-meter-client/view.go:546.46,548.2 1 12
github.com/zR-JB/graphite-meter/go/cmd/graphite-meter-client/view.go:552.34,555.2 2 96
github.com/zR-JB/graphite-meter/go/cmd/graphite-meter-client/view.go:559.27,566.2 6 119
github.com/zR-JB/graphite-meter/go/internal/static/embed.go:23.29,25.16 2 0
github.com/zR-JB/graphite-meter/go/internal/static/embed.go:25.16,26.13 1 0
github.com/zR-JB/graphite-meter/go/internal/static/embed.go:28.2,28.24 1 0
github.com/zR-JB/graphite-meter/go/internal/static/embed.go:34.42,36.16 2 0
github.com/zR-JB/graphite-meter/go/internal/static/embed.go:36.16,37.13 1 0
github.com/zR-JB/graphite-meter/go/internal/static/embed.go:39.2,39.37 1 0
github.com/zR-JB/graphite-meter/go/internal/static/embed.go:42.54,44.71 2 1
github.com/zR-JB/graphite-meter/go/internal/static/embed.go:44.71,46.56 2 3
github.com/zR-JB/graphite-meter/go/internal/static/embed.go:46.56,49.4 2 1
github.com/zR-JB/graphite-meter/go/internal/static/embed.go:50.3,51.17 2 2
github.com/zR-JB/graphite-meter/go/internal/static/embed.go:51.17,54.4 2 0
github.com/zR-JB/graphite-meter/go/internal/static/embed.go:55.3,59.20 5 2
github.com/zR-JB/graphite-meter/go/internal/static/embed.go:66.42,69.71 2 11
github.com/zR-JB/graphite-meter/go/internal/static/embed.go:69.71,71.17 2 12
github.com/zR-JB/graphite-meter/go/internal/static/embed.go:71.17,73.4 1 3
github.com/zR-JB/graphite-meter/go/internal/static/embed.go:74.3,74.44 1 12
github.com/zR-JB/graphite-meter/go/internal/static/embed.go:74.44,78.4 3 7
github.com/zR-JB/graphite-meter/go/internal/static/embed.go:83.3,83.27 1 5
github.com/zR-JB/graphite-meter/go/internal/static/embed.go:83.27,86.4 2 2
github.com/zR-JB/graphite-meter/go/internal/static/embed.go:94.3,94.25 1 3
github.com/zR-JB/graphite-meter/go/internal/static/embed.go:100.69,102.16 2 3
github.com/zR-JB/graphite-meter/go/internal/static/embed.go:102.16,105.3 2 0
github.com/zR-JB/graphite-meter/go/internal/static/embed.go:106.2,109.16 3 3
github.com/zR-JB/graphite-meter/go/internal/static/embed.go:109.16,112.3 2 0
github.com/zR-JB/graphite-meter/go/internal/static/embed.go:113.2,114.9 2 3
github.com/zR-JB/graphite-meter/go/internal/static/embed.go:114.9,117.3 2 0
github.com/zR-JB/graphite-meter/go/internal/static/embed.go:118.2,118.59 1 3
github.com/zR-JB/graphite-meter/go/internal/transport/client_address.go:23.82,25.9 2 15
github.com/zR-JB/graphite-meter/go/internal/transport/client_address.go:25.9,27.3 1 0
github.com/zR-JB/graphite-meter/go/internal/transport/client_address.go:28.2,29.30 2 15
github.com/zR-JB/graphite-meter/go/internal/transport/client_address.go:29.30,31.3 1 3
github.com/zR-JB/graphite-meter/go/internal/transport/client_address.go:33.2,34.24 2 12
github.com/zR-JB/graphite-meter/go/internal/transport/client_address.go:34.24,36.3 1 3
github.com/zR-JB/graphite-meter/go/internal/transport/client_address.go:37.2,38.69 2 9
github.com/zR-JB/graphite-meter/go/internal/transport/client_address.go:38.69,40.3 1 12
github.com/zR-JB/graphite-meter/go/internal/transport/client_address.go:41.2,41.50 1 9
github.com/zR-JB/graphite-meter/go/internal/transport/client_address.go:44.66,47.2 2 0
github.com/zR-JB/graphite-meter/go/internal/transport/client_address.go:49.74,51.16 2 24
github.com/zR-JB/graphite-meter/go/internal/transport/client_address.go:51.16,53.3 1 21
github.com/zR-JB/graphite-meter/go/internal/transport/client_address.go:54.2,54.68 1 24
github.com/zR-JB/graphite-meter/go/internal/transport/client_address.go:57.63,58.42 1 12
github.com/zR-JB/graphite-meter/go/internal/transport/client_address.go:58.42,60.10 2 6
github.com/zR-JB/graphite-meter/go/internal/transport/client_address.go:60.10,62.4 1 0
github.com/zR-JB/graphite-meter/go/internal/transport/client_address.go:63.3,64.34 2 6
github.com/zR-JB/graphite-meter/go/internal/transport/client_address.go:64.34,66.11 2 7
github.com/zR-JB/graphite-meter/go/internal/transport/client_address.go:66.11,68.5 1 0
github.com/zR-JB/graphite-meter/go/internal/transport/client_address.go:69.4,70.33 2 7
github.com/zR-JB/graphite-meter/go/internal/transport/client_address.go:70.33,72.66 2 7
github.com/zR-JB/graphite-meter/go/internal/transport/client_address.go:72.66,74.11 2 7
github.com/zR-JB/graphite-meter/go/internal/transport/client_address.go:77.4,78.11 2 7
github.com/zR-JB/graphite-meter/go/internal/transport/client_address.go:78.11,80.5 1 2
github.com/zR-JB/graphite-meter/go/internal/transport/client_address.go:81.4,81.31 1 5
github.com/zR-JB/graphite-meter/go/internal/transport/client_address.go:83.3,83.37 1 4
github.com/zR-JB/graphite-meter/go/internal/transport/client_address.go:85.2,85.48 1 6
github.com/zR-JB/graphite-meter/go/internal/transport/client_address.go:85.48,88.30 3 5
github.com/zR-JB/graphite-meter/go/internal/transport/client_address.go:88.30,90.11 2 8
github.com/zR-JB/graphite-meter/go/internal/transport/client_address.go:90.11,92.5 1 1
github.com/zR-JB/graphite-meter/go/internal/transport/client_address.go:93.4,93.31 1 7
github.com/zR-JB/graphite-meter/go/internal/transport/client_address.go:95.3,95.37 1 4
github.com/zR-JB/graphite-meter/go/internal/transport/client_address.go:97.2,97.42 1 1
github.com/zR-JB/graphite-meter/go/internal/transport/client_address.go:97.42,99.10 2 1
github.com/zR-JB/graphite-meter/go/internal/transport/client_address.go:99.10,101.4 1 0
github.com/zR-JB/graphite-meter/go/internal/transport/client_address.go:102.3,102.40 1 1
github.com/zR-JB/graphite-meter/go/internal/transport/client_address.go:104.2,104.26 1 0
github.com/zR-JB/graphite-meter/go/internal/transport/client_address.go:107.50,109.36 2 31
github.com/zR-JB/graphite-meter/go/internal/transport/client_address.go:109.36,111.17 2 2
github.com/zR-JB/graphite-meter/go/internal/transport/client_address.go:111.17,113.4 1 0
github.com/zR-JB/graphite-meter/go/internal/transport/client_address.go:114.3,114.14 1 2
github.com/zR-JB/graphite-meter/go/internal/transport/client_address.go:116.2,116.83 1 31
github.com/zR-JB/graphite-meter/go/internal/transport/client_address.go:116.83,118.3 1 3
github.com/zR-JB/graphite-meter/go/internal/transport/client_address.go:119.2,119.51 1 28
github.com/zR-JB/graphite-meter/go/internal/transport/client_address.go:119.51,121.3 1 10
github.com/zR-JB/graphite-meter/go/internal/transport/client_address.go:122.2,122.62 1 18
github.com/zR-JB/graphite-meter/go/internal/transport/client_address.go:122.62,123.68 1 0
github.com/zR-JB/graphite-meter/go/internal/transport/client_address.go:123.68,125.4 1 0
github.com/zR-JB/graphite-meter/go/internal/transport/client_address.go:127.2,127.59 1 18
github.com/zR-JB/graphite-meter/go/internal/transport/client_address.go:127.59,129.3 1 18
github.com/zR-JB/graphite-meter/go/internal/transport/client_address.go:130.2,130.28 1 0
github.com/zR-JB/graphite-meter/go/internal/transport/client_address.go:133.62,134.34 1 28
github.com/zR-JB/graphite-meter/go/internal/transport/client_address.go:134.34,135.28 1 39
github.com/zR-JB/graphite-meter/go/internal/transport/client_address.go:135.28,137.4 1 24
github.com/zR-JB/graphite-meter/go/internal/transport/client_address.go:139.2,139.14 1 4
github.com/zR-JB/graphite-meter/go/internal/transport/client_address.go:142.63,145.32 3 13
github.com/zR-JB/graphite-meter/go/internal/transport/client_address.go:145.32,146.10 1 272
github.com/zR-JB/graphite-meter/go/internal/transport/client_address.go:147.16,148.19 1 0
github.com/zR-JB/graphite-meter/go/internal/transport/client_address.go:149.33,150.18 1 0
github.com/zR-JB/graphite-meter/go/internal/transport/client_address.go:151.22,152.20 1 8
github.com/zR-JB/graphite-meter/go/internal/transport/client_address.go:153.39,155.17 2 3
github.com/zR-JB/graphite-meter/go/internal/transport/client_address.go:158.2,158.23 1 13
github.com/zR-JB/graphite-meter/go/internal/transport/client_address.go:158.23,160.3 1 0
github.com/zR-JB/graphite-meter/go/internal/transport/client_address.go:161.2,162.20 2 13
github.com/zR-JB/graphite-meter/go/internal/transport/http_session.go:19.69,21.2 1 9
github.com/zR-JB/graphite-meter/go/internal/transport/http_session.go:23.49,23.73 1 0
github.com/zR-JB/graphite-meter/go/internal/transport/http_session.go:24.49,24.75 1 0
github.com/zR-JB/graphite-meter/go/internal/transport/http_session.go:26.37,27.24 1 4
github.com/zR-JB/graphite-meter/go/internal/transport/http_session.go:28.9,29.17 1 1
github.com/zR-JB/graphite-meter/go/internal/transport/http_session.go:30.9,31.17 1 1
github.com/zR-JB/graphite-meter/go/internal/transport/http_session.go:32.10,33.17 1 2
github.com/zR-JB/graphite-meter/go/internal/transport/http_session.go:37.73,39.2 1 1
github.com/zR-JB/graphite-meter/go/internal/transport/http_session.go:41.61,43.2 1 1
github.com/zR-JB/graphite-meter/go/internal/transport/http_session.go:46.61,47.21 1 2
github.com/zR-JB/graphite-meter/go/internal/transport/http_session.go:47.21,49.3 1 1
github.com/zR-JB/graphite-meter/go/internal/transport/http_session.go:50.2,50.22 1 1
github.com/zR-JB/graphite-meter/go/internal/transport/http_session.go:53.48,55.2 1 1
github.com/zR-JB/graphite-meter/go/internal/transport/quic.go:10.35,12.2 1 1
github.com/zR-JB/graphite-meter/go/internal/transport/websocket_session.go:21.40,23.16 2 1
github.com/zR-JB/graphite-meter/go/internal/transport/websocket_session.go:23.16,25.3 1 0
github.com/zR-JB/graphite-meter/go/internal/transport/websocket_session.go:26.2,26.26 1 1
github.com/zR-JB/graphite-meter/go/internal/transport/websocket_session.go:29.40,31.2 1 1
github.com/zR-JB/graphite-meter/go/internal/transport/websocket_session.go:33.33,33.48 1 1
github.com/zR-JB/graphite-meter/go/internal/transport/websocket_session.go:46.95,48.2 1 1
github.com/zR-JB/graphite-meter/go/internal/transport/websocket_session.go:50.54,50.70 1 0
github.com/zR-JB/graphite-meter/go/internal/transport/websocket_session.go:51.54,51.72 1 0
github.com/zR-JB/graphite-meter/go/internal/transport/websocket_session.go:52.54,52.72 1 2
github.com/zR-JB/graphite-meter/go/internal/transport/websocket_session.go:54.78,56.2 1 1
github.com/zR-JB/graphite-meter/go/internal/transport/websocket_session.go:58.66,60.2 1 1
github.com/zR-JB/graphite-meter/go/internal/transport/websocket_session.go:62.66,64.2 1 1
github.com/zR-JB/graphite-meter/go/internal/transport/websocket_session.go:66.53,68.2 1 1
github.com/zR-JB/graphite-meter/go/internal/wire/frame.go:41.38,41.71 1 0
github.com/zR-JB/graphite-meter/go/internal/wire/frame.go:43.33,43.84 1 1
github.com/zR-JB/graphite-meter/go/internal/wire/frame.go:44.33,44.86 1 2
github.com/zR-JB/graphite-meter/go/internal/wire/frame.go:49.40,52.12 2 11
github.com/zR-JB/graphite-meter/go/internal/wire/frame.go:53.15,54.33 1 1
github.com/zR-JB/graphite-meter/go/internal/wire/frame.go:55.13,56.31 1 1
github.com/zR-JB/graphite-meter/go/internal/wire/frame.go:58.14,60.10 2 4
github.com/zR-JB/graphite-meter/go/internal/wire/frame.go:60.10,62.4 1 2
github.com/zR-JB/graphite-meter/go/internal/wire/frame.go:63.3,63.40 1 2
github.com/zR-JB/graphite-meter/go/internal/wire/frame.go:65.14,69.10 3 1
github.com/zR-JB/graphite-meter/go/internal/wire/frame.go:69.10,71.4 1 0
github.com/zR-JB/graphite-meter/go/internal/wire/frame.go:72.3,73.23 2 1
github.com/zR-JB/graphite-meter/go/internal/wire/frame.go:73.23,75.4 1 0
github.com/zR-JB/graphite-meter/go/internal/wire/frame.go:76.3,77.10 2 1
github.com/zR-JB/graphite-meter/go/internal/wire/frame.go:77.10,79.4 1 0
github.com/zR-JB/graphite-meter/go/internal/wire/frame.go:80.3,80.54 1 1
github.com/zR-JB/graphite-meter/go/internal/wire/frame.go:82.14,84.10 2 1
github.com/zR-JB/graphite-meter/go/internal/wire/frame.go:84.10,86.4 1 0
github.com/zR-JB/graphite-meter/go/internal/wire/frame.go:87.3,87.46 1 1
github.com/zR-JB/graphite-meter/go/internal/wire/frame.go:89.12,90.17 1 1
github.com/zR-JB/graphite-meter/go/internal/wire/frame.go:90.17,92.4 1 0
github.com/zR-JB/graphite-meter/go/internal/wire/frame.go:93.3,93.43 1 1
github.com/zR-JB/graphite-meter/go/internal/wire/frame.go:95.13,97.17 2 1
github.com/zR-JB/graphite-meter/go/internal/wire/frame.go:97.17,99.4 1 0
github.com/zR-JB/graphite-meter/go/internal/wire/frame.go:100.3,100.55 1 1
github.com/zR-JB/graphite-meter/go/internal/wire/frame.go:102.10,103.28 1 1
github.com/zR-JB/graphite-meter/go/internal/wire/frame.go:108.29,109.14 1 9
github.com/zR-JB/graphite-meter/go/internal/wire/frame.go:110.15,111.17 1 1
github.com/zR-JB/graphite-meter/go/internal/wire/frame.go:112.13,113.15 1 1
github.com/zR-JB/graphite-meter/go/internal/wire/frame.go:114.14,115.34 1 2
github.com/zR-JB/graphite-meter/go/internal/wire/frame.go:116.14,117.73 1 2
github.com/zR-JB/graphite-meter/go/internal/wire/frame.go:118.14,119.37 1 1
github.com/zR-JB/graphite-meter/go/internal/wire/frame.go:120.12,121.30 1 1
github.com/zR-JB/graphite-meter/go/internal/wire/frame.go:122.13,123.45 1 1
github.com/zR-JB/graphite-meter/go/internal/wire/frame.go:124.10,125.12 1 0
github.com/zR-JB/graphite-meter/go/internal/wire/frame.go:131.53,132.44 1 14
github.com/zR-JB/graphite-meter/go/internal/wire/frame.go:132.44,134.3 1 11
github.com/zR-JB/graphite-meter/go/internal/wire/frame.go:135.2,135.14 1 3
github.com/zR-JB/graphite-meter/go/internal/wire/frame.go:138.40,140.16 2 5
github.com/zR-JB/graphite-meter/go/internal/wire/frame.go:140.16,142.3 1 2
github.com/zR-JB/graphite-meter/go/internal/wire/frame.go:143.2,143.24 1 3
github.com/zR-JB/graphite-meter/go/internal/wire/frame.go:146.40,148.16 2 2
github.com/zR-JB/graphite-meter/go/internal/wire/frame.go:148.16,150.3 1 0
github.com/zR-JB/graphite-meter/go/internal/wire/frame.go:151.2,151.16 1 2
github.com/zR-JB/graphite-meter/go/internal/wire/frame.go:154.27,154.71 1 7
github.com/zR-JB/graphite-meter/go/internal/wire/frame.go:155.27,155.63 1 5
github.com/zR-JB/graphite-meter/go/internal/wire/preflight.go:53.49,55.2 1 3
github.com/zR-JB/graphite-meter/go/internal/wire/preflight.go:56.43,56.89 1 3
github.com/zR-JB/graphite-meter/go/internal/wire/preflight.go:58.61,63.51 2 2
github.com/zR-JB/graphite-meter/go/internal/wire/preflight.go:63.51,65.3 1 0
github.com/zR-JB/graphite-meter/go/internal/wire/preflight.go:66.2,69.12 4 2
github.com/zR-JB/graphite-meter/go/internal/wire/preflight.go:72.58,76.51 2 2
github.com/zR-JB/graphite-meter/go/internal/wire/preflight.go:76.51,78.3 1 0
github.com/zR-JB/graphite-meter/go/internal/wire/preflight.go:79.2,82.12 4 2
github.com/zR-JB/graphite-meter/go/internal/server/admission.go:26.97,28.2 1 18
github.com/zR-JB/graphite-meter/go/internal/server/admission.go:30.64,31.57 1 34
github.com/zR-JB/graphite-meter/go/internal/server/admission.go:31.57,33.3 1 8
github.com/zR-JB/graphite-meter/go/internal/server/admission.go:34.2,35.21 2 26
github.com/zR-JB/graphite-meter/go/internal/server/admission.go:35.21,37.3 1 0
github.com/zR-JB/graphite-meter/go/internal/server/admission.go:38.2,38.16 1 26
github.com/zR-JB/graphite-meter/go/internal/server/admission.go:38.16,40.3 1 2
github.com/zR-JB/graphite-meter/go/internal/server/admission.go:41.2,41.22 1 24
github.com/zR-JB/graphite-meter/go/internal/server/admission.go:44.77,47.36 3 34
github.com/zR-JB/graphite-meter/go/internal/server/admission.go:47.36,50.3 2 1
github.com/zR-JB/graphite-meter/go/internal/server/admission.go:51.2,51.29 1 33
github.com/zR-JB/graphite-meter/go/internal/server/admission.go:51.29,54.3 2 2
github.com/zR-JB/graphite-meter/go/internal/server/admission.go:55.2,56.23 2 31
github.com/zR-JB/graphite-meter/go/internal/server/admission.go:56.23,58.3 1 15
github.com/zR-JB/graphite-meter/go/internal/server/admission.go:59.2,60.16 2 31
github.com/zR-JB/graphite-meter/go/internal/server/admission.go:60.16,64.27 4 31
github.com/zR-JB/graphite-meter/go/internal/server/admission.go:64.27,66.4 1 30
github.com/zR-JB/graphite-meter/go/internal/server/admission.go:67.3,67.16 1 31
github.com/zR-JB/graphite-meter/go/internal/server/admission.go:76.51,80.2 3 2
github.com/zR-JB/graphite-meter/go/internal/server/admission.go:86.110,87.71 1 119
github.com/zR-JB/graphite-meter/go/internal/server/admission.go:87.71,88.37 1 31
github.com/zR-JB/graphite-meter/go/internal/server/admission.go:88.37,91.4 2 0
github.com/zR-JB/graphite-meter/go/internal/server/admission.go:92.3,93.18 2 31
github.com/zR-JB/graphite-meter/go/internal/server/admission.go:93.18,98.4 4 2
github.com/zR-JB/graphite-meter/go/internal/server/admission.go:99.3,102.69 4 29
github.com/zR-JB/graphite-meter/go/internal/server/admission.go:102.69,108.4 5 21
github.com/zR-JB/graphite-meter/go/internal/server/admission.go:109.3,109.40 1 29
github.com/zR-JB/graphite-meter/go/internal/server/admission.go:119.87,121.57 2 2
github.com/zR-JB/graphite-meter/go/internal/server/admission.go:121.57,122.67 1 0
github.com/zR-JB/graphite-meter/go/internal/server/admission.go:122.67,127.4 4 0
github.com/zR-JB/graphite-meter/go/internal/server/admission.go:128.3,128.9 1 0
github.com/zR-JB/graphite-meter/go/internal/server/admission.go:130.2,133.35 4 2
github.com/zR-JB/graphite-meter/go/internal/server/connection_admission.go:25.100,27.2 1 1
github.com/zR-JB/graphite-meter/go/internal/server/connection_admission.go:29.62,31.16 2 8
github.com/zR-JB/graphite-meter/go/internal/server/connection_admission.go:31.16,33.3 1 0
github.com/zR-JB/graphite-meter/go/internal/server/connection_admission.go:34.2,35.33 2 8
github.com/zR-JB/graphite-meter/go/internal/server/connection_admission.go:35.33,36.26 1 1
github.com/zR-JB/graphite-meter/go/internal/server/connection_admission.go:36.26,38.4 1 1
github.com/zR-JB/graphite-meter/go/internal/server/connection_admission.go:40.2,40.14 1 7
github.com/zR-JB/graphite-meter/go/internal/server/connection_admission.go:40.14,42.3 1 2
github.com/zR-JB/graphite-meter/go/internal/server/connection_admission.go:43.2,43.20 1 5
github.com/zR-JB/graphite-meter/go/internal/server/connection_admission.go:46.69,50.29 4 5
github.com/zR-JB/graphite-meter/go/internal/server/connection_admission.go:50.29,53.3 2 1
github.com/zR-JB/graphite-meter/go/internal/server/connection_admission.go:54.2,54.49 1 4
github.com/zR-JB/graphite-meter/go/internal/server/connection_admission.go:54.49,57.3 2 1
github.com/zR-JB/graphite-meter/go/internal/server/connection_admission.go:58.2,59.23 2 3
github.com/zR-JB/graphite-meter/go/internal/server/connection_admission.go:59.23,61.3 1 2
github.com/zR-JB/graphite-meter/go/internal/server/connection_admission.go:62.2,62.15 1 3
github.com/zR-JB/graphite-meter/go/internal/server/connection_admission.go:62.15,64.3 1 3
github.com/zR-JB/graphite-meter/go/internal/server/connection_admission.go:65.2,66.16 2 3
github.com/zR-JB/graphite-meter/go/internal/server/connection_admission.go:66.16,67.18 1 4
github.com/zR-JB/graphite-meter/go/internal/server/connection_admission.go:67.18,70.17 3 3
github.com/zR-JB/graphite-meter/go/internal/server/connection_admission.go:70.17,72.29 2 3
github.com/zR-JB/graphite-meter/go/internal/server/connection_admission.go:72.29,74.6 1 3
github.com/zR-JB/graphite-meter/go/internal/server/connection_admission.go:76.4,76.17 1 3
github.com/zR-JB/graphite-meter/go/internal/server/connection_admission.go:81.54,85.2 3 1
github.com/zR-JB/graphite-meter/go/internal/server/connection_admission.go:87.112,89.9 2 0
github.com/zR-JB/graphite-meter/go/internal/server/connection_admission.go:89.9,91.3 1 0
github.com/zR-JB/graphite-meter/go/internal/server/connection_admission.go:92.2,93.17 2 0
github.com/zR-JB/graphite-meter/go/internal/server/connection_admission.go:101.54,102.6 1 0
github.com/zR-JB/graphite-meter/go/internal/server/connection_admission.go:102.6,104.17 2 0
github.com/zR-JB/graphite-meter/go/internal/server/connection_admission.go:104.17,106.4 1 0
github.com/zR-JB/graphite-meter/go/internal/server/connection_admission.go:107.3,108.10 2 0
github.com/zR-JB/graphite-meter/go/internal/server/connection_admission.go:108.10,110.12 2 0
github.com/zR-JB/graphite-meter/go/internal/server/connection_admission.go:112.3,112.58 1 0
github.com/zR-JB/graphite-meter/go/internal/server/connection_admission.go:122.38,126.2 3 2
github.com/zR-JB/graphite-meter/go/internal/server/listeners.go:60.82,62.44 2 13
github.com/zR-JB/graphite-meter/go/internal/server/listeners.go:62.44,64.3 1 0
github.com/zR-JB/graphite-meter/go/internal/server/listeners.go:65.2,66.17 2 13
github.com/zR-JB/graphite-meter/go/internal/server/listeners.go:66.17,70.3 3 0
github.com/zR-JB/graphite-meter/go/internal/server/listeners.go:71.2,80.8 4 13
github.com/zR-JB/graphite-meter/go/internal/server/listeners.go:83.46,84.31 1 16
github.com/zR-JB/graphite-meter/go/internal/server/listeners.go:84.31,86.17 2 2
github.com/zR-JB/graphite-meter/go/internal/server/listeners.go:86.17,87.36 1 2
github.com/zR-JB/graphite-meter/go/internal/server/listeners.go:87.36,89.5 1 1
github.com/zR-JB/graphite-meter/go/internal/server/listeners.go:90.4,90.16 1 1
github.com/zR-JB/graphite-meter/go/internal/server/listeners.go:93.2,94.13 2 14
github.com/zR-JB/graphite-meter/go/internal/server/listeners.go:107.61,109.9 2 11
github.com/zR-JB/graphite-meter/go/internal/server/listeners.go:109.9,111.3 1 0
github.com/zR-JB/graphite-meter/go/internal/server/listeners.go:112.2,112.29 1 11
github.com/zR-JB/graphite-meter/go/internal/server/listeners.go:112.29,115.3 2 1
github.com/zR-JB/graphite-meter/go/internal/server/listeners.go:116.2,116.29 1 10
github.com/zR-JB/graphite-meter/go/internal/server/listeners.go:119.90,121.2 1 9
github.com/zR-JB/graphite-meter/go/internal/server/listeners.go:123.115,125.2 1 10
github.com/zR-JB/graphite-meter/go/internal/server/listeners.go:127.139,129.24 2 29
github.com/zR-JB/graphite-meter/go/internal/server/listeners.go:129.24,131.3 1 10
github.com/zR-JB/graphite-meter/go/internal/server/listeners.go:132.2,133.24 2 29
github.com/zR-JB/graphite-meter/go/internal/server/listeners.go:133.24,135.3 1 2
github.com/zR-JB/graphite-meter/go/internal/server/listeners.go:136.2,137.24 2 29
github.com/zR-JB/graphite-meter/go/internal/server/listeners.go:137.24,138.59 1 25
github.com/zR-JB/graphite-meter/go/internal/server/listeners.go:138.59,139.35 1 100
github.com/zR-JB/graphite-meter/go/internal/server/listeners.go:139.35,141.5 1 44
github.com/zR-JB/graphite-meter/go/internal/server/listeners.go:142.4,142.71 1 56
github.com/zR-JB/graphite-meter/go/internal/server/listeners.go:144.3,147.68 4 25
github.com/zR-JB/graphite-meter/go/internal/server/listeners.go:149.2,149.22 1 29
github.com/zR-JB/graphite-meter/go/internal/server/listeners.go:149.22,151.3 1 12
github.com/zR-JB/graphite-meter/go/internal/server/listeners.go:152.2,153.37 2 29
github.com/zR-JB/graphite-meter/go/internal/server/listeners.go:153.37,155.3 1 19
github.com/zR-JB/graphite-meter/go/internal/server/listeners.go:155.8,157.3 1 10
github.com/zR-JB/graphite-meter/go/internal/server/listeners.go:158.2,158.34 1 29
github.com/zR-JB/graphite-meter/go/internal/server/listeners.go:158.34,160.3 1 7
github.com/zR-JB/graphite-meter/go/internal/server/listeners.go:161.2,161.18 1 29
github.com/zR-JB/graphite-meter/go/internal/server/listeners.go:161.18,163.3 1 9
github.com/zR-JB/graphite-meter/go/internal/server/listeners.go:164.2,164.24 1 29
github.com/zR-JB/graphite-meter/go/internal/server/listeners.go:164.24,166.3 1 0
github.com/zR-JB/graphite-meter/go/internal/server/listeners.go:167.2,168.18 2 29
github.com/zR-JB/graphite-meter/go/internal/server/listeners.go:168.18,170.3 1 19
github.com/zR-JB/graphite-meter/go/internal/server/listeners.go:171.2,172.92 2 29
github.com/zR-JB/graphite-meter/go/internal/server/listeners.go:172.92,174.3 1 116
github.com/zR-JB/graphite-meter/go/internal/server/listeners.go:175.2,176.10 2 29
github.com/zR-JB/graphite-meter/go/internal/server/listeners.go:179.79,180.166 1 13
github.com/zR-JB/graphite-meter/go/internal/server/listeners.go:180.166,181.37 1 14
github.com/zR-JB/graphite-meter/go/internal/server/listeners.go:181.37,183.4 1 0
github.com/zR-JB/graphite-meter/go/internal/server/listeners.go:184.3,184.13 1 14
github.com/zR-JB/graphite-meter/go/internal/server/listeners.go:188.62,189.13 1 0
github.com/zR-JB/graphite-meter/go/internal/server/listeners.go:189.13,192.3 2 0
github.com/zR-JB/graphite-meter/go/internal/server/listeners.go:197.57,198.39 1 0
github.com/zR-JB/graphite-meter/go/internal/server/listeners.go:198.39,200.3 1 0
github.com/zR-JB/graphite-meter/go/internal/server/listeners.go:201.2,202.16 2 0
github.com/zR-JB/graphite-meter/go/internal/server/listeners.go:202.16,204.3 1 0
github.com/zR-JB/graphite-meter/go/internal/server/listeners.go:205.2,206.74 2 0
github.com/zR-JB/graphite-meter/go/internal/server/listeners.go:206.74,207.55 1 0
github.com/zR-JB/graphite-meter/go/internal/server/listeners.go:207.55,209.4 1 0
github.com/zR-JB/graphite-meter/go/internal/server/listeners.go:210.3,210.17 1 0
github.com/zR-JB/graphite-meter/go/internal/server/listeners.go:212.2,213.16 2 0
github.com/zR-JB/graphite-meter/go/internal/server/listeners.go:213.16,215.3 1 0
github.com/zR-JB/graphite-meter/go/internal/server/listeners.go:216.2,218.21 3 0
github.com/zR-JB/graphite-meter/go/internal/server/listeners.go:218.21,220.3 1 0
github.com/zR-JB/graphite-meter/go/internal/server/listeners.go:221.2,221.17 1 0
github.com/zR-JB/graphite-meter/go/internal/server/listeners.go:221.17,223.3 1 0
github.com/zR-JB/graphite-meter/go/internal/server/listeners.go:224.2,230.16 7 0
github.com/zR-JB/graphite-meter/go/internal/server/listeners.go:230.16,232.3 1 0
github.com/zR-JB/graphite-meter/go/internal/server/listeners.go:233.2,234.24 2 0
github.com/zR-JB/graphite-meter/go/internal/server/listeners.go:234.24,235.28 1 0
github.com/zR-JB/graphite-meter/go/internal/server/listeners.go:235.28,237.4 1 0
github.com/zR-JB/graphite-meter/go/internal/server/listeners.go:239.2,241.21 1 0
github.com/zR-JB/graphite-meter/go/internal/server/listeners.go:241.21,241.99 1 0
github.com/zR-JB/graphite-meter/go/internal/server/listeners.go:243.2,243.21 1 0
github.com/zR-JB/graphite-meter/go/internal/server/listeners.go:243.21,245.3 1 0
github.com/zR-JB/graphite-meter/go/internal/server/listeners.go:247.2,247.28 1 0
github.com/zR-JB/graphite-meter/go/internal/server/listeners.go:247.28,254.17 7 0
github.com/zR-JB/graphite-meter/go/internal/server/listeners.go:254.17,257.4 2 0
github.com/zR-JB/graphite-meter/go/internal/server/listeners.go:258.3,262.62 3 0
github.com/zR-JB/graphite-meter/go/internal/server/listeners.go:262.62,262.88 1 0
github.com/zR-JB/graphite-meter/go/internal/server/listeners.go:266.2,266.25 1 0
github.com/zR-JB/graphite-meter/go/internal/server/listeners.go:266.25,273.17 7 0
github.com/zR-JB/graphite-meter/go/internal/server/listeners.go:273.17,276.4 2 0
github.com/zR-JB/graphite-meter/go/internal/server/listeners.go:277.3,281.59 3 0
github.com/zR-JB/graphite-meter/go/internal/server/listeners.go:281.59,281.85 1 0
github.com/zR-JB/graphite-meter/go/internal/server/listeners.go:284.2,284.25 1 0
github.com/zR-JB/graphite-meter/go/internal/server/listeners.go:284.25,291.17 7 0
github.com/zR-JB/graphite-meter/go/internal/server/listeners.go:291.17,294.4 2 0
github.com/zR-JB/graphite-meter/go/internal/server/listeners.go:295.3,299.22 5 0
github.com/zR-JB/graphite-meter/go/internal/server/listeners.go:299.22,304.4 4 0
github.com/zR-JB/graphite-meter/go/internal/server/listeners.go:305.3,306.22 2 0
github.com/zR-JB/graphite-meter/go/internal/server/listeners.go:306.22,308.4 1 0
github.com/zR-JB/graphite-meter/go/internal/server/listeners.go:310.3,311.17 2 0
github.com/zR-JB/graphite-meter/go/internal/server/listeners.go:311.17,314.4 2 0
github.com/zR-JB/graphite-meter/go/internal/server/listeners.go:315.3,318.17 4 0
github.com/zR-JB/graphite-meter/go/internal/server/listeners.go:318.17,321.4 2 0
github.com/zR-JB/graphite-meter/go/internal/server/listeners.go:322.3,325.60 1 0
github.com/zR-JB/graphite-meter/go/internal/server/listeners.go:325.60,325.94 1 0
github.com/zR-JB/graphite-meter/go/internal/server/listeners.go:327.111,329.78 2 0
github.com/zR-JB/graphite-meter/go/internal/server/listeners.go:329.78,331.6 1 0
github.com/zR-JB/graphite-meter/go/internal/server/listeners.go:332.5,332.15 1 0
github.com/zR-JB/graphite-meter/go/internal/server/listeners.go:333.45,338.5 4 0
github.com/zR-JB/graphite-meter/go/internal/server/listeners.go:341.2,344.31 4 0
github.com/zR-JB/graphite-meter/go/internal/server/listeners.go:344.31,347.13 3 0
github.com/zR-JB/graphite-meter/go/internal/server/listeners.go:347.13,348.36 1 0
github.com/zR-JB/graphite-meter/go/internal/server/listeners.go:348.36,351.5 2 0
github.com/zR-JB/graphite-meter/go/internal/server/listeners.go:351.10,353.5 1 0
github.com/zR-JB/graphite-meter/go/internal/server/listeners.go:356.2,356.9 1 0
github.com/zR-JB/graphite-meter/go/internal/server/listeners.go:357.23,357.23 0 0
github.com/zR-JB/graphite-meter/go/internal/server/listeners.go:358.21,359.17 1 0
github.com/zR-JB/graphite-meter/go/internal/server/listeners.go:359.17,363.4 3 0
github.com/zR-JB/graphite-meter/go/internal/server/listeners.go:365.2,366.12 2 0
github.com/zR-JB/graphite-meter/go/internal/server/listeners.go:369.105,372.6 3 0
github.com/zR-JB/graphite-meter/go/internal/server/listeners.go:372.6,373.10 1 0
github.com/zR-JB/graphite-meter/go/internal/server/listeners.go:374.21,375.10 1 0
github.com/zR-JB/graphite-meter/go/internal/server/listeners.go:376.19,380.58 2 0
github.com/zR-JB/graphite-meter/go/internal/server/listeners.go:385.35,388.29 3 0
github.com/zR-JB/graphite-meter/go/internal/server/listeners.go:388.29,390.3 1 0
github.com/zR-JB/graphite-meter/go/internal/server/listeners.go:393.53,394.79 1 14
github.com/zR-JB/graphite-meter/go/internal/server/listeners.go:394.79,396.3 1 1
github.com/zR-JB/graphite-meter/go/internal/server/listeners.go:397.2,397.12 1 13
github.com/zR-JB/graphite-meter/go/internal/server/tls.go:26.77,28.45 2 18
github.com/zR-JB/graphite-meter/go/internal/server/tls.go:28.45,30.3 1 4
github.com/zR-JB/graphite-meter/go/internal/server/tls.go:31.2,31.82 1 14
github.com/zR-JB/graphite-meter/go/internal/server/tls.go:31.82,33.3 1 0
github.com/zR-JB/graphite-meter/go/internal/server/tls.go:34.2,34.15 1 14
github.com/zR-JB/graphite-meter/go/internal/server/tls.go:37.58,39.16 2 19
github.com/zR-JB/graphite-meter/go/internal/server/tls.go:39.16,41.3 1 2
github.com/zR-JB/graphite-meter/go/internal/server/tls.go:42.2,42.32 1 17
github.com/zR-JB/graphite-meter/go/internal/server/tls.go:42.32,44.3 1 0
github.com/zR-JB/graphite-meter/go/internal/server/tls.go:45.2,46.16 2 17
github.com/zR-JB/graphite-meter/go/internal/server/tls.go:46.16,48.3 1 0
github.com/zR-JB/graphite-meter/go/internal/server/tls.go:49.2,49.32 1 17
github.com/zR-JB/graphite-meter/go/internal/server/tls.go:49.32,51.3 1 1
github.com/zR-JB/graphite-meter/go/internal/server/tls.go:52.2,52.32 1 16
github.com/zR-JB/graphite-meter/go/internal/server/tls.go:52.32,54.3 1 1
github.com/zR-JB/graphite-meter/go/internal/server/tls.go:55.2,58.154 1 15
github.com/zR-JB/graphite-meter/go/internal/server/tls.go:58.154,59.45 1 44
github.com/zR-JB/graphite-meter/go/internal/server/tls.go:59.45,60.12 1 40
github.com/zR-JB/graphite-meter/go/internal/server/tls.go:62.3,63.59 2 4
github.com/zR-JB/graphite-meter/go/internal/server/tls.go:63.59,65.4 1 1
github.com/zR-JB/graphite-meter/go/internal/server/tls.go:67.2,71.13 5 14
github.com/zR-JB/graphite-meter/go/internal/server/tls.go:71.13,74.34 3 14
github.com/zR-JB/graphite-meter/go/internal/server/tls.go:74.34,76.4 1 14
github.com/zR-JB/graphite-meter/go/internal/server/tls.go:78.2,78.12 1 14
github.com/zR-JB/graphite-meter/go/internal/server/tls.go:81.74,85.72 1 19
github.com/zR-JB/graphite-meter/go/internal/server/tls.go:85.72,85.104 1 18
github.com/zR-JB/graphite-meter/go/internal/server/tls.go:89.55,92.6 3 0
github.com/zR-JB/graphite-meter/go/internal/server/tls.go:92.6,93.10 1 0
github.com/zR-JB/graphite-meter/go/internal/server/tls.go:94.21,95.10 1 0
github.com/zR-JB/graphite-meter/go/internal/server/tls.go:96.21,97.40 1 0
github.com/zR-JB/graphite-meter/go/internal/server/tls.go:97.40,99.5 1 0
github.com/zR-JB/graphite-meter/go/internal/goclient/auth.go:23.44,23.92 1 0
github.com/zR-JB/graphite-meter/go/internal/goclient/auth.go:24.50,25.16 1 6
github.com/zR-JB/graphite-meter/go/internal/goclient/auth.go:25.16,27.3 1 0
github.com/zR-JB/graphite-meter/go/internal/goclient/auth.go:28.2,28.99 1 6
github.com/zR-JB/graphite-meter/go/internal/goclient/auth.go:28.99,30.3 1 1
github.com/zR-JB/graphite-meter/go/internal/goclient/auth.go:31.2,31.12 1 5
github.com/zR-JB/graphite-meter/go/internal/goclient/auth.go:34.79,35.64 1 0
github.com/zR-JB/graphite-meter/go/internal/goclient/auth.go:35.64,37.3 1 0
github.com/zR-JB/graphite-meter/go/internal/goclient/auth.go:38.2,42.89 5 0
github.com/zR-JB/graphite-meter/go/internal/goclient/auth.go:45.104,47.16 2 1
github.com/zR-JB/graphite-meter/go/internal/goclient/auth.go:47.16,49.3 1 0
github.com/zR-JB/graphite-meter/go/internal/goclient/auth.go:50.2,51.16 2 1
github.com/zR-JB/graphite-meter/go/internal/goclient/auth.go:51.16,53.3 1 0
github.com/zR-JB/graphite-meter/go/internal/goclient/auth.go:54.2,55.16 2 1
github.com/zR-JB/graphite-meter/go/internal/goclient/auth.go:55.16,57.3 1 0
github.com/zR-JB/graphite-meter/go/internal/goclient/auth.go:58.2,59.55 2 1
github.com/zR-JB/graphite-meter/go/internal/goclient/auth.go:59.55,61.3 1 1
github.com/zR-JB/graphite-meter/go/internal/goclient/auth.go:62.2,62.15 1 0
github.com/zR-JB/graphite-meter/go/internal/goclient/auth.go:73.84,74.31 1 1
github.com/zR-JB/graphite-meter/go/internal/goclient/auth.go:74.31,76.3 1 1
github.com/zR-JB/graphite-meter/go/internal/goclient/auth.go:77.2,78.42 2 0
github.com/zR-JB/graphite-meter/go/internal/goclient/auth.go:78.42,80.3 1 0
github.com/zR-JB/graphite-meter/go/internal/goclient/auth.go:81.2,82.16 2 0
github.com/zR-JB/graphite-meter/go/internal/goclient/auth.go:82.16,84.3 1 0
github.com/zR-JB/graphite-meter/go/internal/goclient/auth.go:85.2,86.16 2 0
github.com/zR-JB/graphite-meter/go/internal/goclient/auth.go:86.16,88.3 1 0
github.com/zR-JB/graphite-meter/go/internal/goclient/auth.go:89.2,90.40 2 0
github.com/zR-JB/graphite-meter/go/internal/goclient/auth.go:90.40,92.3 1 0
github.com/zR-JB/graphite-meter/go/internal/goclient/auth.go:93.2,106.68 14 0
github.com/zR-JB/graphite-meter/go/internal/goclient/auth.go:106.68,108.3 1 0
github.com/zR-JB/graphite-meter/go/internal/goclient/auth.go:109.2,111.15 3 0
github.com/zR-JB/graphite-meter/go/internal/goclient/auth.go:114.74,116.215 2 2
github.com/zR-JB/graphite-meter/go/internal/goclient/auth.go:116.215,118.3 1 1
github.com/zR-JB/graphite-meter/go/internal/goclient/auth.go:119.2,119.19 1 1
github.com/zR-JB/graphite-meter/go/internal/goclient/auth.go:127.74,132.6 5 3
github.com/zR-JB/graphite-meter/go/internal/goclient/auth.go:132.6,135.17 3 3
github.com/zR-JB/graphite-meter/go/internal/goclient/auth.go:135.17,137.4 1 0
github.com/zR-JB/graphite-meter/go/internal/goclient/auth.go:138.3,141.17 4 3
github.com/zR-JB/graphite-meter/go/internal/goclient/auth.go:141.17,147.58 4 2
github.com/zR-JB/graphite-meter/go/internal/goclient/auth.go:147.58,149.5 1 0
github.com/zR-JB/graphite-meter/go/internal/goclient/auth.go:150.4,150.45 1 2
github.com/zR-JB/graphite-meter/go/internal/goclient/auth.go:150.45,152.5 1 0
github.com/zR-JB/graphite-meter/go/internal/goclient/auth.go:154.3,154.10 1 3
github.com/zR-JB/graphite-meter/go/internal/goclient/auth.go:155.21,156.46 1 3
github.com/zR-JB/graphite-meter/go/internal/goclient/auth.go:156.46,158.5 1 1
github.com/zR-JB/graphite-meter/go/internal/goclient/auth.go:159.4,159.22 1 2
github.com/zR-JB/graphite-meter/go/internal/goclient/auth.go:159.22,161.5 1 1
github.com/zR-JB/graphite-meter/go/internal/goclient/auth.go:162.4,162.55 1 1
github.com/zR-JB/graphite-meter/go/internal/goclient/auth.go:163.19,163.19 0 0
github.com/zR-JB/graphite-meter/go/internal/goclient/auth.go:168.33,170.22 2 0
github.com/zR-JB/graphite-meter/go/internal/goclient/auth.go:171.16,172.37 1 0
github.com/zR-JB/graphite-meter/go/internal/goclient/auth.go:173.17,174.72 1 0
github.com/zR-JB/graphite-meter/go/internal/goclient/auth.go:175.10,176.41 1 0
github.com/zR-JB/graphite-meter/go/internal/goclient/auth.go:178.2,178.46 1 0
github.com/zR-JB/graphite-meter/go/internal/goclient/auth.go:178.46,180.3 1 0
github.com/zR-JB/graphite-meter/go/internal/goclient/config.go:32.60,33.18 1 12
github.com/zR-JB/graphite-meter/go/internal/goclient/config.go:33.18,35.3 1 9
github.com/zR-JB/graphite-meter/go/internal/goclient/config.go:36.2,36.25 1 3
github.com/zR-JB/graphite-meter/go/internal/goclient/config.go:36.25,38.3 1 1
github.com/zR-JB/graphite-meter/go/internal/goclient/config.go:39.2,39.25 1 2
github.com/zR-JB/graphite-meter/go/internal/goclient/config.go:39.25,41.3 1 1
github.com/zR-JB/graphite-meter/go/internal/goclient/config.go:42.2,42.23 1 1
github.com/zR-JB/graphite-meter/go/internal/goclient/config.go:45.61,46.18 1 1
github.com/zR-JB/graphite-meter/go/internal/goclient/config.go:46.18,48.3 1 1
github.com/zR-JB/graphite-meter/go/internal/goclient/config.go:49.2,49.25 1 0
github.com/zR-JB/graphite-meter/go/internal/goclient/config.go:49.25,51.3 1 0
github.com/zR-JB/graphite-meter/go/internal/goclient/config.go:52.2,52.25 1 0
github.com/zR-JB/graphite-meter/go/internal/goclient/config.go:52.25,54.3 1 0
github.com/zR-JB/graphite-meter/go/internal/goclient/config.go:55.2,55.81 1 0
github.com/zR-JB/graphite-meter/go/internal/goclient/config.go:55.81,57.3 1 0
github.com/zR-JB/graphite-meter/go/internal/goclient/config.go:58.2,58.20 1 0
github.com/zR-JB/graphite-meter/go/internal/goclient/config.go:85.29,106.2 1 14
github.com/zR-JB/graphite-meter/go/internal/goclient/config.go:108.37,109.21 1 51
github.com/zR-JB/graphite-meter/go/internal/goclient/config.go:109.21,111.3 1 1
github.com/zR-JB/graphite-meter/go/internal/goclient/config.go:112.2,112.30 1 51
github.com/zR-JB/graphite-meter/go/internal/goclient/config.go:112.30,114.3 1 22
github.com/zR-JB/graphite-meter/go/internal/goclient/config.go:115.2,115.32 1 51
github.com/zR-JB/graphite-meter/go/internal/goclient/config.go:115.32,117.3 1 24
github.com/zR-JB/graphite-meter/go/internal/goclient/config.go:118.2,118.27 1 51
github.com/zR-JB/graphite-meter/go/internal/goclient/config.go:118.27,120.3 1 24
github.com/zR-JB/graphite-meter/go/internal/goclient/config.go:121.2,121.18 1 51
github.com/zR-JB/graphite-meter/go/internal/goclient/config.go:121.18,123.3 1 1
github.com/zR-JB/graphite-meter/go/internal/goclient/config.go:124.2,124.28 1 51
github.com/zR-JB/graphite-meter/go/internal/goclient/config.go:124.28,126.3 1 24
github.com/zR-JB/graphite-meter/go/internal/goclient/config.go:127.2,127.29 1 51
github.com/zR-JB/graphite-meter/go/internal/goclient/config.go:127.29,129.3 1 19
github.com/zR-JB/graphite-meter/go/internal/goclient/config.go:130.2,130.27 1 51
github.com/zR-JB/graphite-meter/go/internal/goclient/config.go:130.27,132.3 1 25
github.com/zR-JB/graphite-meter/go/internal/goclient/config.go:133.2,133.34 1 51
github.com/zR-JB/graphite-meter/go/internal/goclient/config.go:133.34,135.3 1 21
github.com/zR-JB/graphite-meter/go/internal/goclient/config.go:136.2,136.34 1 51
github.com/zR-JB/graphite-meter/go/internal/goclient/config.go:136.34,138.3 1 1
github.com/zR-JB/graphite-meter/go/internal/goclient/config.go:139.2,139.40 1 51
github.com/zR-JB/graphite-meter/go/internal/goclient/config.go:139.40,141.3 1 25
github.com/zR-JB/graphite-meter/go/internal/goclient/config.go:142.2,142.57 1 51
github.com/zR-JB/graphite-meter/go/internal/goclient/config.go:142.57,144.3 1 1
github.com/zR-JB/graphite-meter/go/internal/goclient/config.go:145.2,145.51 1 51
github.com/zR-JB/graphite-meter/go/internal/goclient/config.go:145.51,147.3 1 3
github.com/zR-JB/graphite-meter/go/internal/goclient/config.go:148.2,148.25 1 51
github.com/zR-JB/graphite-meter/go/internal/goclient/config.go:148.25,150.3 1 18
github.com/zR-JB/graphite-meter/go/internal/goclient/config.go:151.2,151.35 1 51
github.com/zR-JB/graphite-meter/go/internal/goclient/config.go:151.35,153.3 1 10
github.com/zR-JB/graphite-meter/go/internal/goclient/config.go:154.2,154.33 1 51
github.com/zR-JB/graphite-meter/go/internal/goclient/config.go:154.33,156.3 1 26
github.com/zR-JB/graphite-meter/go/internal/goclient/config.go:157.2,157.32 1 51
github.com/zR-JB/graphite-meter/go/internal/goclient/config.go:157.32,159.3 1 25
github.com/zR-JB/graphite-meter/go/internal/goclient/config.go:160.2,160.34 1 51
github.com/zR-JB/graphite-meter/go/internal/goclient/config.go:160.34,162.3 1 25
github.com/zR-JB/graphite-meter/go/internal/goclient/config.go:163.2,163.34 1 51
github.com/zR-JB/graphite-meter/go/internal/goclient/config.go:163.34,165.3 1 25
github.com/zR-JB/graphite-meter/go/internal/goclient/config.go:166.2,166.10 1 51
github.com/zR-JB/graphite-meter/go/internal/goclient/download.go:15.131,18.16 3 9
github.com/zR-JB/graphite-meter/go/internal/goclient/download.go:18.16,20.3 1 0
github.com/zR-JB/graphite-meter/go/internal/goclient/download.go:21.2,22.75 2 9
github.com/zR-JB/graphite-meter/go/internal/goclient/download.go:22.75,24.3 1 136
github.com/zR-JB/graphite-meter/go/internal/goclient/download.go:25.2,26.52 2 9
github.com/zR-JB/graphite-meter/go/internal/goclient/download.go:26.52,28.3 1 2
github.com/zR-JB/graphite-meter/go/internal/goclient/download.go:29.2,33.46 5 7
github.com/zR-JB/graphite-meter/go/internal/goclient/download.go:36.103,38.23 2 139
github.com/zR-JB/graphite-meter/go/internal/goclient/download.go:38.23,40.17 2 3064
github.com/zR-JB/graphite-meter/go/internal/goclient/download.go:40.17,42.4 1 0
github.com/zR-JB/graphite-meter/go/internal/goclient/download.go:43.3,49.17 7 3064
github.com/zR-JB/graphite-meter/go/internal/goclient/download.go:49.17,51.4 1 0
github.com/zR-JB/graphite-meter/go/internal/goclient/download.go:52.3,53.17 2 3064
github.com/zR-JB/graphite-meter/go/internal/goclient/download.go:53.17,54.24 1 111
github.com/zR-JB/graphite-meter/go/internal/goclient/download.go:54.24,56.5 1 111
github.com/zR-JB/graphite-meter/go/internal/goclient/download.go:57.4,57.12 1 0
github.com/zR-JB/graphite-meter/go/internal/goclient/download.go:59.3,59.38 1 2953
github.com/zR-JB/graphite-meter/go/internal/goclient/download.go:59.38,63.4 3 1
github.com/zR-JB/graphite-meter/go/internal/goclient/download.go:64.3,64.7 1 2952
github.com/zR-JB/graphite-meter/go/internal/goclient/download.go:64.7,66.13 2 4649
github.com/zR-JB/graphite-meter/go/internal/goclient/download.go:66.13,68.5 1 3106
github.com/zR-JB/graphite-meter/go/internal/goclient/download.go:69.4,69.22 1 4649
github.com/zR-JB/graphite-meter/go/internal/goclient/download.go:69.22,71.35 2 2948
github.com/zR-JB/graphite-meter/go/internal/goclient/download.go:71.35,72.11 1 2947
github.com/zR-JB/graphite-meter/go/internal/goclient/download.go:74.5,74.19 1 1
github.com/zR-JB/graphite-meter/go/internal/goclient/download.go:76.4,76.24 1 1701
github.com/zR-JB/graphite-meter/go/internal/goclient/download.go:76.24,79.5 2 4
github.com/zR-JB/graphite-meter/go/internal/goclient/download.go:82.2,82.12 1 22
github.com/zR-JB/graphite-meter/go/internal/goclient/download.go:87.161,95.34 5 7
github.com/zR-JB/graphite-meter/go/internal/goclient/download.go:95.34,97.4 1 7
github.com/zR-JB/graphite-meter/go/internal/goclient/download.go:98.49,104.29 6 32
github.com/zR-JB/graphite-meter/go/internal/goclient/download.go:104.29,106.5 1 2
github.com/zR-JB/graphite-meter/go/internal/goclient/download.go:107.4,122.6 4 30
github.com/zR-JB/graphite-meter/go/internal/goclient/download.go:127.49,128.16 1 4
github.com/zR-JB/graphite-meter/go/internal/goclient/download.go:128.16,130.3 1 0
github.com/zR-JB/graphite-meter/go/internal/goclient/download.go:131.2,131.47 1 4
github.com/zR-JB/graphite-meter/go/internal/goclient/download.go:131.47,133.3 1 0
github.com/zR-JB/graphite-meter/go/internal/goclient/download.go:134.2,134.80 1 4
github.com/zR-JB/graphite-meter/go/internal/goclient/latency.go:14.153,15.28 1 6
github.com/zR-JB/graphite-meter/go/internal/goclient/latency.go:15.28,17.3 1 0
github.com/zR-JB/graphite-meter/go/internal/goclient/latency.go:18.2,19.16 2 6
github.com/zR-JB/graphite-meter/go/internal/goclient/latency.go:19.16,21.3 1 0
github.com/zR-JB/graphite-meter/go/internal/goclient/latency.go:22.2,23.16 2 6
github.com/zR-JB/graphite-meter/go/internal/goclient/latency.go:23.16,24.61 1 0
github.com/zR-JB/graphite-meter/go/internal/goclient/latency.go:24.61,26.4 1 0
github.com/zR-JB/graphite-meter/go/internal/goclient/latency.go:27.3,27.29 1 0
github.com/zR-JB/graphite-meter/go/internal/goclient/latency.go:29.2,43.12 12 6
github.com/zR-JB/graphite-meter/go/internal/goclient/latency.go:43.12,44.7 1 6
github.com/zR-JB/graphite-meter/go/internal/goclient/latency.go:44.7,46.18 2 69
github.com/zR-JB/graphite-meter/go/internal/goclient/latency.go:46.18,49.5 2 6
github.com/zR-JB/graphite-meter/go/internal/goclient/latency.go:50.4,51.18 2 63
github.com/zR-JB/graphite-meter/go/internal/goclient/latency.go:51.18,52.13 1 0
github.com/zR-JB/graphite-meter/go/internal/goclient/latency.go:54.4,54.27 1 63
github.com/zR-JB/graphite-meter/go/internal/goclient/latency.go:54.27,55.13 1 3
github.com/zR-JB/graphite-meter/go/internal/goclient/latency.go:57.4,60.10 4 60
github.com/zR-JB/graphite-meter/go/internal/goclient/latency.go:60.10,62.5 1 56
github.com/zR-JB/graphite-meter/go/internal/goclient/latency.go:63.4,64.11 2 60
github.com/zR-JB/graphite-meter/go/internal/goclient/latency.go:64.11,65.13 1 4
github.com/zR-JB/graphite-meter/go/internal/goclient/latency.go:67.4,67.25 1 56
github.com/zR-JB/graphite-meter/go/internal/goclient/latency.go:67.25,68.13 1 0
github.com/zR-JB/graphite-meter/go/internal/goclient/latency.go:70.4,77.6 3 56
github.com/zR-JB/graphite-meter/go/internal/goclient/latency.go:81.2,85.23 5 6
github.com/zR-JB/graphite-meter/go/internal/goclient/latency.go:85.23,92.3 6 96
github.com/zR-JB/graphite-meter/go/internal/goclient/latency.go:93.2,93.31 1 6
github.com/zR-JB/graphite-meter/go/internal/goclient/latency.go:93.31,95.3 1 0
github.com/zR-JB/graphite-meter/go/internal/goclient/latency.go:96.2,97.6 2 6
github.com/zR-JB/graphite-meter/go/internal/goclient/latency.go:97.6,98.10 1 2321162
github.com/zR-JB/graphite-meter/go/internal/goclient/latency.go:99.16,100.24 1 2321031
github.com/zR-JB/graphite-meter/go/internal/goclient/latency.go:100.24,101.13 1 2321026
github.com/zR-JB/graphite-meter/go/internal/goclient/latency.go:103.4,109.26 7 5
github.com/zR-JB/graphite-meter/go/internal/goclient/latency.go:110.28,112.32 2 0
github.com/zR-JB/graphite-meter/go/internal/goclient/latency.go:113.23,115.32 2 5
github.com/zR-JB/graphite-meter/go/internal/goclient/latency.go:116.25,117.31 1 1
github.com/zR-JB/graphite-meter/go/internal/goclient/latency.go:117.31,119.5 1 0
github.com/zR-JB/graphite-meter/go/internal/goclient/latency.go:120.4,120.74 1 1
github.com/zR-JB/graphite-meter/go/internal/goclient/latency.go:121.19,122.33 1 90
github.com/zR-JB/graphite-meter/go/internal/goclient/latency.go:122.33,124.5 1 0
github.com/zR-JB/graphite-meter/go/internal/goclient/latency.go:125.33,126.25 1 35
github.com/zR-JB/graphite-meter/go/internal/goclient/latency.go:126.25,127.13 1 0
github.com/zR-JB/graphite-meter/go/internal/goclient/latency.go:129.4,130.34 2 35
github.com/zR-JB/graphite-meter/go/internal/goclient/latency.go:130.34,131.35 1 147
github.com/zR-JB/graphite-meter/go/internal/goclient/latency.go:131.35,140.6 3 14
github.com/zR-JB/graphite-meter/go/internal/goclient/latency.go:142.4,142.15 1 35
github.com/zR-JB/graphite-meter/go/internal/goclient/latency.go:147.52,148.11 1 6
github.com/zR-JB/graphite-meter/go/internal/goclient/latency.go:148.11,150.3 1 0
github.com/zR-JB/graphite-meter/go/internal/goclient/latency.go:151.2,151.10 1 6
github.com/zR-JB/graphite-meter/go/internal/goclient/preflight.go:16.94,18.16 2 11
github.com/zR-JB/graphite-meter/go/internal/goclient/preflight.go:18.16,20.3 1 0
github.com/zR-JB/graphite-meter/go/internal/goclient/preflight.go:21.2,22.16 2 11
github.com/zR-JB/graphite-meter/go/internal/goclient/preflight.go:22.16,24.3 1 0
github.com/zR-JB/graphite-meter/go/internal/goclient/preflight.go:25.2,27.16 3 11
github.com/zR-JB/graphite-meter/go/internal/goclient/preflight.go:27.16,29.3 1 0
github.com/zR-JB/graphite-meter/go/internal/goclient/preflight.go:30.2,31.37 2 11
github.com/zR-JB/graphite-meter/go/internal/goclient/preflight.go:31.37,32.48 1 1
github.com/zR-JB/graphite-meter/go/internal/goclient/preflight.go:32.48,34.4 1 0
github.com/zR-JB/graphite-meter/go/internal/goclient/preflight.go:35.3,35.84 1 1
github.com/zR-JB/graphite-meter/go/internal/goclient/preflight.go:37.2,38.62 2 10
github.com/zR-JB/graphite-meter/go/internal/goclient/preflight.go:38.62,40.3 1 1
github.com/zR-JB/graphite-meter/go/internal/goclient/preflight.go:41.2,42.16 2 9
github.com/zR-JB/graphite-meter/go/internal/goclient/preflight.go:42.16,44.3 1 0
github.com/zR-JB/graphite-meter/go/internal/goclient/preflight.go:45.2,46.51 2 9
github.com/zR-JB/graphite-meter/go/internal/goclient/preflight.go:46.51,47.57 1 9
github.com/zR-JB/graphite-meter/go/internal/goclient/preflight.go:47.57,49.4 1 1
github.com/zR-JB/graphite-meter/go/internal/goclient/preflight.go:51.2,51.48 1 9
github.com/zR-JB/graphite-meter/go/internal/goclient/preflight.go:51.48,52.54 1 6
github.com/zR-JB/graphite-meter/go/internal/goclient/preflight.go:52.54,54.4 1 1
github.com/zR-JB/graphite-meter/go/internal/goclient/preflight.go:56.2,56.16 1 9
github.com/zR-JB/graphite-meter/go/internal/goclient/preflight.go:59.73,61.2 1 1
github.com/zR-JB/graphite-meter/go/internal/goclient/preflight.go:62.67,64.2 1 1
github.com/zR-JB/graphite-meter/go/internal/goclient/preflight.go:66.112,68.16 2 7
github.com/zR-JB/graphite-meter/go/internal/goclient/preflight.go:68.16,70.3 1 0
github.com/zR-JB/graphite-meter/go/internal/goclient/preflight.go:71.2,72.16 2 7
github.com/zR-JB/graphite-meter/go/internal/goclient/preflight.go:72.16,74.3 1 0
github.com/zR-JB/graphite-meter/go/internal/goclient/preflight.go:75.2,76.16 2 7
github.com/zR-JB/graphite-meter/go/internal/goclient/preflight.go:76.16,78.3 1 0
github.com/zR-JB/graphite-meter/go/internal/goclient/preflight.go:79.2,80.37 2 7
github.com/zR-JB/graphite-meter/go/internal/goclient/preflight.go:80.37,81.48 1 0
github.com/zR-JB/graphite-meter/go/internal/goclient/preflight.go:81.48,83.4 1 0
github.com/zR-JB/graphite-meter/go/internal/goclient/preflight.go:84.3,84.80 1 0
github.com/zR-JB/graphite-meter/go/internal/goclient/preflight.go:86.2,87.61 2 7
github.com/zR-JB/graphite-meter/go/internal/goclient/preflight.go:87.61,89.3 1 0
github.com/zR-JB/graphite-meter/go/internal/goclient/preflight.go:90.2,90.26 1 7
github.com/zR-JB/graphite-meter/go/internal/goclient/preflight.go:93.108,95.16 2 2
github.com/zR-JB/graphite-meter/go/internal/goclient/preflight.go:95.16,97.3 1 0
github.com/zR-JB/graphite-meter/go/internal/goclient/preflight.go:98.2,99.16 2 2
github.com/zR-JB/graphite-meter/go/internal/goclient/preflight.go:99.16,101.3 1 0
github.com/zR-JB/graphite-meter/go/internal/goclient/preflight.go:102.2,103.16 2 2
github.com/zR-JB/graphite-meter/go/internal/goclient/preflight.go:103.16,105.3 1 0
github.com/zR-JB/graphite-meter/go/internal/goclient/preflight.go:106.2,107.37 2 2
github.com/zR-JB/graphite-meter/go/internal/goclient/preflight.go:107.37,108.48 1 0
github.com/zR-JB/graphite-meter/go/internal/goclient/preflight.go:108.48,110.4 1 0
github.com/zR-JB/graphite-meter/go/internal/goclient/preflight.go:111.3,111.84 1 0
github.com/zR-JB/graphite-meter/go/internal/goclient/preflight.go:113.2,114.61 2 2
github.com/zR-JB/graphite-meter/go/internal/goclient/preflight.go:114.61,116.3 1 0
github.com/zR-JB/graphite-meter/go/internal/goclient/preflight.go:117.2,117.15 1 2
github.com/zR-JB/graphite-meter/go/internal/goclient/preflight.go:120.101,122.16 2 2
github.com/zR-JB/graphite-meter/go/internal/goclient/preflight.go:122.16,124.3 1 0
github.com/zR-JB/graphite-meter/go/internal/goclient/preflight.go:125.2,128.16 4 2
github.com/zR-JB/graphite-meter/go/internal/goclient/preflight.go:128.16,129.61 1 0
github.com/zR-JB/graphite-meter/go/internal/goclient/preflight.go:129.61,131.4 1 0
github.com/zR-JB/graphite-meter/go/internal/goclient/preflight.go:132.3,132.68 1 0
github.com/zR-JB/graphite-meter/go/internal/goclient/preflight.go:134.2,135.130 2 2
github.com/zR-JB/graphite-meter/go/internal/goclient/preflight.go:135.130,137.3 1 0
github.com/zR-JB/graphite-meter/go/internal/goclient/preflight.go:138.2,139.16 2 2
github.com/zR-JB/graphite-meter/go/internal/goclient/preflight.go:139.16,141.3 1 0
github.com/zR-JB/graphite-meter/go/internal/goclient/preflight.go:142.2,143.44 2 2
github.com/zR-JB/graphite-meter/go/internal/goclient/preflight.go:143.44,145.3 1 0
github.com/zR-JB/graphite-meter/go/internal/goclient/preflight.go:146.2,146.12 1 2
github.com/zR-JB/graphite-meter/go/internal/goclient/preflight.go:149.54,151.2 1 177
github.com/zR-JB/graphite-meter/go/internal/goclient/preflight.go:153.52,155.16 2 11
github.com/zR-JB/graphite-meter/go/internal/goclient/preflight.go:155.16,157.3 1 0
github.com/zR-JB/graphite-meter/go/internal/goclient/preflight.go:158.2,158.9 1 11
github.com/zR-JB/graphite-meter/go/internal/goclient/preflight.go:159.40,160.59 1 2
github.com/zR-JB/graphite-meter/go/internal/goclient/preflight.go:161.39,162.57 1 8
github.com/zR-JB/graphite-meter/go/internal/goclient/preflight.go:163.10,164.16 1 1
github.com/zR-JB/graphite-meter/go/internal/goclient/runner.go:39.43,39.67 1 0
github.com/zR-JB/graphite-meter/go/internal/goclient/runner.go:40.43,40.59 1 0
github.com/zR-JB/graphite-meter/go/internal/goclient/runner.go:44.40,47.2 2 17
github.com/zR-JB/graphite-meter/go/internal/goclient/runner.go:49.50,51.187 2 74
github.com/zR-JB/graphite-meter/go/internal/goclient/runner.go:51.187,53.3 1 6
github.com/zR-JB/graphite-meter/go/internal/goclient/runner.go:54.2,54.73 1 68
github.com/zR-JB/graphite-meter/go/internal/goclient/runner.go:57.56,57.87 1 8
github.com/zR-JB/graphite-meter/go/internal/goclient/runner.go:59.38,61.62 2 66
github.com/zR-JB/graphite-meter/go/internal/goclient/runner.go:61.62,63.3 1 62
github.com/zR-JB/graphite-meter/go/internal/goclient/runner.go:64.2,64.22 1 4
github.com/zR-JB/graphite-meter/go/internal/goclient/runner.go:72.75,73.19 1 2409
github.com/zR-JB/graphite-meter/go/internal/goclient/runner.go:73.19,75.3 1 2404
github.com/zR-JB/graphite-meter/go/internal/goclient/runner.go:76.2,76.81 1 5
github.com/zR-JB/graphite-meter/go/internal/goclient/runner.go:76.81,78.3 1 1
github.com/zR-JB/graphite-meter/go/internal/goclient/runner.go:79.2,82.32 4 4
github.com/zR-JB/graphite-meter/go/internal/goclient/runner.go:84.75,90.53 3 41
github.com/zR-JB/graphite-meter/go/internal/goclient/runner.go:90.53,92.3 1 40
github.com/zR-JB/graphite-meter/go/internal/goclient/runner.go:93.2,94.17 2 41
github.com/zR-JB/graphite-meter/go/internal/goclient/runner.go:94.17,95.69 1 4
github.com/zR-JB/graphite-meter/go/internal/goclient/runner.go:95.69,97.4 1 3
github.com/zR-JB/graphite-meter/go/internal/goclient/runner.go:99.2,99.15 1 41
github.com/zR-JB/graphite-meter/go/internal/goclient/runner.go:102.56,104.2 1 3
github.com/zR-JB/graphite-meter/go/internal/goclient/runner.go:106.69,108.25 2 2
github.com/zR-JB/graphite-meter/go/internal/goclient/runner.go:108.25,110.3 1 0
github.com/zR-JB/graphite-meter/go/internal/goclient/runner.go:111.2,112.30 2 2
github.com/zR-JB/graphite-meter/go/internal/goclient/runner.go:112.30,114.3 1 1
github.com/zR-JB/graphite-meter/go/internal/goclient/runner.go:115.2,116.9 2 2
github.com/zR-JB/graphite-meter/go/internal/goclient/runner.go:116.9,118.3 1 1
github.com/zR-JB/graphite-meter/go/internal/goclient/runner.go:119.2,119.74 1 2
github.com/zR-JB/graphite-meter/go/internal/goclient/runner.go:122.57,123.14 1 1
github.com/zR-JB/graphite-meter/go/internal/goclient/runner.go:123.14,125.3 1 0
github.com/zR-JB/graphite-meter/go/internal/goclient/runner.go:126.2,127.58 2 1
github.com/zR-JB/graphite-meter/go/internal/goclient/runner.go:130.54,131.40 1 1
github.com/zR-JB/graphite-meter/go/internal/goclient/runner.go:131.40,133.3 1 0
github.com/zR-JB/graphite-meter/go/internal/goclient/runner.go:134.2,135.58 2 1
github.com/zR-JB/graphite-meter/go/internal/goclient/runner.go:138.48,153.2 1 34
github.com/zR-JB/graphite-meter/go/internal/goclient/runner.go:155.76,157.27 2 8
github.com/zR-JB/graphite-meter/go/internal/goclient/runner.go:157.27,159.69 2 0
github.com/zR-JB/graphite-meter/go/internal/goclient/runner.go:159.69,161.4 1 0
github.com/zR-JB/graphite-meter/go/internal/goclient/runner.go:163.2,163.32 1 8
github.com/zR-JB/graphite-meter/go/internal/goclient/runner.go:164.41,164.41 0 8
github.com/zR-JB/graphite-meter/go/internal/goclient/runner.go:165.10,166.83 1 0
github.com/zR-JB/graphite-meter/go/internal/goclient/runner.go:168.2,173.16 5 8
github.com/zR-JB/graphite-meter/go/internal/goclient/runner.go:173.16,175.3 1 0
github.com/zR-JB/graphite-meter/go/internal/goclient/runner.go:176.2,176.55 1 8
github.com/zR-JB/graphite-meter/go/internal/goclient/runner.go:176.55,178.3 1 1
github.com/zR-JB/graphite-meter/go/internal/goclient/runner.go:179.2,180.16 2 8
github.com/zR-JB/graphite-meter/go/internal/goclient/runner.go:180.16,182.3 1 1
github.com/zR-JB/graphite-meter/go/internal/goclient/runner.go:183.2,184.38 2 7
github.com/zR-JB/graphite-meter/go/internal/goclient/runner.go:184.38,185.83 1 0
github.com/zR-JB/graphite-meter/go/internal/goclient/runner.go:185.83,187.4 1 0
github.com/zR-JB/graphite-meter/go/internal/goclient/runner.go:188.3,188.43 1 0
github.com/zR-JB/graphite-meter/go/internal/goclient/runner.go:190.2,190.89 1 7
github.com/zR-JB/graphite-meter/go/internal/goclient/runner.go:190.89,190.118 1 7
github.com/zR-JB/graphite-meter/go/internal/goclient/runner.go:191.2,193.16 3 7
github.com/zR-JB/graphite-meter/go/internal/goclient/runner.go:193.16,195.3 1 0
github.com/zR-JB/graphite-meter/go/internal/goclient/runner.go:196.2,196.37 1 7
github.com/zR-JB/graphite-meter/go/internal/goclient/runner.go:196.37,198.3 1 1
github.com/zR-JB/graphite-meter/go/internal/goclient/runner.go:199.2,207.39 9 7
github.com/zR-JB/graphite-meter/go/internal/goclient/runner.go:207.39,209.3 1 0
github.com/zR-JB/graphite-meter/go/internal/goclient/runner.go:210.2,211.19 2 7
github.com/zR-JB/graphite-meter/go/internal/goclient/runner.go:211.19,213.3 1 5
github.com/zR-JB/graphite-meter/go/internal/goclient/runner.go:213.8,213.33 1 2
github.com/zR-JB/graphite-meter/go/internal/goclient/runner.go:213.33,215.17 2 2
github.com/zR-JB/graphite-meter/go/internal/goclient/runner.go:215.17,217.4 1 0
github.com/zR-JB/graphite-meter/go/internal/goclient/runner.go:217.9,219.4 1 2
github.com/zR-JB/graphite-meter/go/internal/goclient/runner.go:220.3,220.78 1 2
github.com/zR-JB/graphite-meter/go/internal/goclient/runner.go:220.78,222.4 1 0
github.com/zR-JB/graphite-meter/go/internal/goclient/runner.go:224.2,224.202 1 7
github.com/zR-JB/graphite-meter/go/internal/goclient/runner.go:227.67,229.16 2 6
github.com/zR-JB/graphite-meter/go/internal/goclient/runner.go:229.16,232.3 2 0
github.com/zR-JB/graphite-meter/go/internal/goclient/runner.go:233.2,233.46 1 6
github.com/zR-JB/graphite-meter/go/internal/goclient/runner.go:236.105,238.124 2 6
github.com/zR-JB/graphite-meter/go/internal/goclient/runner.go:238.124,240.3 1 0
github.com/zR-JB/graphite-meter/go/internal/goclient/runner.go:241.2,242.89 2 6
github.com/zR-JB/graphite-meter/go/internal/goclient/runner.go:242.89,242.118 1 6
github.com/zR-JB/graphite-meter/go/internal/goclient/runner.go:243.2,255.37 13 6
github.com/zR-JB/graphite-meter/go/internal/goclient/runner.go:255.37,257.3 1 0
github.com/zR-JB/graphite-meter/go/internal/goclient/runner.go:258.2,259.26 2 6
github.com/zR-JB/graphite-meter/go/internal/goclient/runner.go:259.26,261.26 2 1
github.com/zR-JB/graphite-meter/go/internal/goclient/runner.go:261.26,263.4 1 1
github.com/zR-JB/graphite-meter/go/internal/goclient/runner.go:265.2,273.24 3 6
github.com/zR-JB/graphite-meter/go/internal/goclient/runner.go:273.24,274.87 1 1
github.com/zR-JB/graphite-meter/go/internal/goclient/runner.go:274.87,276.4 1 0
github.com/zR-JB/graphite-meter/go/internal/goclient/runner.go:278.2,278.25 1 6
github.com/zR-JB/graphite-meter/go/internal/goclient/runner.go:278.25,279.102 1 3
github.com/zR-JB/graphite-meter/go/internal/goclient/runner.go:279.102,281.4 1 1
github.com/zR-JB/graphite-meter/go/internal/goclient/runner.go:283.2,283.23 1 5
github.com/zR-JB/graphite-meter/go/internal/goclient/runner.go:283.23,284.96 1 0
github.com/zR-JB/graphite-meter/go/internal/goclient/runner.go:284.96,286.4 1 0
github.com/zR-JB/graphite-meter/go/internal/goclient/runner.go:288.2,288.30 1 5
github.com/zR-JB/graphite-meter/go/internal/goclient/runner.go:288.30,289.116 1 2
github.com/zR-JB/graphite-meter/go/internal/goclient/runner.go:289.116,291.4 1 0
github.com/zR-JB/graphite-meter/go/internal/goclient/runner.go:293.2,294.12 2 5
github.com/zR-JB/graphite-meter/go/internal/goclient/runner.go:319.60,323.14 4 19
github.com/zR-JB/graphite-meter/go/internal/goclient/runner.go:323.14,325.3 1 7
github.com/zR-JB/graphite-meter/go/internal/goclient/runner.go:326.2,326.14 1 19
github.com/zR-JB/graphite-meter/go/internal/goclient/runner.go:326.14,328.3 1 1
github.com/zR-JB/graphite-meter/go/internal/goclient/runner.go:329.2,329.10 1 19
github.com/zR-JB/graphite-meter/go/internal/goclient/runner.go:335.50,336.20 1 16
github.com/zR-JB/graphite-meter/go/internal/goclient/runner.go:336.20,338.3 1 12
github.com/zR-JB/graphite-meter/go/internal/goclient/runner.go:339.2,340.24 2 4
github.com/zR-JB/graphite-meter/go/internal/goclient/runner.go:340.24,342.3 1 1
github.com/zR-JB/graphite-meter/go/internal/goclient/runner.go:343.2,343.13 1 4
github.com/zR-JB/graphite-meter/go/internal/goclient/runner.go:348.75,350.16 2 270
github.com/zR-JB/graphite-meter/go/internal/goclient/runner.go:350.16,352.3 1 268
github.com/zR-JB/graphite-meter/go/internal/goclient/runner.go:353.2,355.9 3 2
github.com/zR-JB/graphite-meter/go/internal/goclient/runner.go:356.20,357.15 1 1
github.com/zR-JB/graphite-meter/go/internal/goclient/runner.go:358.13,359.14 1 1
github.com/zR-JB/graphite-meter/go/internal/goclient/runner.go:363.40,364.52 1 4
github.com/zR-JB/graphite-meter/go/internal/goclient/runner.go:364.52,366.3 1 3
github.com/zR-JB/graphite-meter/go/internal/goclient/runner.go:367.2,368.12 2 1
github.com/zR-JB/graphite-meter/go/internal/goclient/runner.go:371.115,373.16 2 2
github.com/zR-JB/graphite-meter/go/internal/goclient/runner.go:373.16,375.3 1 0
github.com/zR-JB/graphite-meter/go/internal/goclient/runner.go:376.2,377.16 2 2
github.com/zR-JB/graphite-meter/go/internal/goclient/runner.go:377.16,379.3 1 0
github.com/zR-JB/graphite-meter/go/internal/goclient/runner.go:381.2,381.33 1 2
github.com/zR-JB/graphite-meter/go/internal/goclient/runner.go:381.33,383.3 1 2
github.com/zR-JB/graphite-meter/go/internal/goclient/runner.go:384.2,386.12 3 2
github.com/zR-JB/graphite-meter/go/internal/goclient/runner.go:389.118,391.16 2 6
github.com/zR-JB/graphite-meter/go/internal/goclient/runner.go:391.16,393.3 1 0
github.com/zR-JB/graphite-meter/go/internal/goclient/runner.go:395.2,401.27 6 6
github.com/zR-JB/graphite-meter/go/internal/goclient/runner.go:401.27,404.13 3 9
github.com/zR-JB/graphite-meter/go/internal/goclient/runner.go:404.13,408.19 4 9
github.com/zR-JB/graphite-meter/go/internal/goclient/runner.go:408.19,410.5 1 6
github.com/zR-JB/graphite-meter/go/internal/goclient/runner.go:410.10,412.5 1 3
github.com/zR-JB/graphite-meter/go/internal/goclient/runner.go:413.4,413.100 1 9
github.com/zR-JB/graphite-meter/go/internal/goclient/runner.go:413.100,416.5 2 1
github.com/zR-JB/graphite-meter/go/internal/goclient/runner.go:417.4,417.18 1 8
github.com/zR-JB/graphite-meter/go/internal/goclient/runner.go:421.2,422.25 2 6
github.com/zR-JB/graphite-meter/go/internal/goclient/runner.go:422.25,424.13 2 0
github.com/zR-JB/graphite-meter/go/internal/goclient/runner.go:424.13,428.100 4 0
github.com/zR-JB/graphite-meter/go/internal/goclient/runner.go:428.100,431.5 2 0
github.com/zR-JB/graphite-meter/go/internal/goclient/runner.go:432.4,432.23 1 0
github.com/zR-JB/graphite-meter/go/internal/goclient/runner.go:432.23,435.5 2 0
github.com/zR-JB/graphite-meter/go/internal/goclient/runner.go:437.8,439.3 1 6
github.com/zR-JB/graphite-meter/go/internal/goclient/runner.go:441.2,442.12 2 6
github.com/zR-JB/graphite-meter/go/internal/goclient/runner.go:442.12,445.3 2 6
github.com/zR-JB/graphite-meter/go/internal/goclient/runner.go:447.2,447.9 1 6
github.com/zR-JB/graphite-meter/go/internal/goclient/runner.go:448.14,448.14 0 4
github.com/zR-JB/graphite-meter/go/internal/goclient/runner.go:449.21,452.13 3 1
github.com/zR-JB/graphite-meter/go/internal/goclient/runner.go:453.20,456.19 3 1
github.com/zR-JB/graphite-meter/go/internal/goclient/runner.go:458.2,459.27 2 4
github.com/zR-JB/graphite-meter/go/internal/goclient/runner.go:459.27,461.3 1 6
github.com/zR-JB/graphite-meter/go/internal/goclient/runner.go:462.2,463.12 2 4
github.com/zR-JB/graphite-meter/go/internal/goclient/runner.go:466.89,469.17 3 10
github.com/zR-JB/graphite-meter/go/internal/goclient/runner.go:469.17,473.3 3 8
github.com/zR-JB/graphite-meter/go/internal/goclient/runner.go:474.2,475.12 2 2
github.com/zR-JB/graphite-meter/go/internal/goclient/runner.go:475.12,478.10 3 2
github.com/zR-JB/graphite-meter/go/internal/goclient/runner.go:479.21,479.21 0 1
github.com/zR-JB/graphite-meter/go/internal/goclient/runner.go:480.18,482.16 2 1
github.com/zR-JB/graphite-meter/go/internal/goclient/runner.go:485.2,485.19 1 2
github.com/zR-JB/graphite-meter/go/internal/goclient/runner.go:488.56,489.16 1 155
github.com/zR-JB/graphite-meter/go/internal/goclient/runner.go:489.16,491.3 1 1
github.com/zR-JB/graphite-meter/go/internal/goclient/runner.go:492.2,493.21 2 154
github.com/zR-JB/graphite-meter/go/internal/goclient/runner.go:493.21,495.3 1 138
github.com/zR-JB/graphite-meter/go/internal/goclient/runner.go:496.2,496.33 1 154
github.com/zR-JB/graphite-meter/go/internal/goclient/runner.go:499.49,500.21 1 153
github.com/zR-JB/graphite-meter/go/internal/goclient/runner.go:500.21,502.3 1 138
github.com/zR-JB/graphite-meter/go/internal/goclient/runner.go:503.2,503.39 1 15
github.com/zR-JB/graphite-meter/go/internal/goclient/runner.go:506.82,508.25 2 15
github.com/zR-JB/graphite-meter/go/internal/goclient/runner.go:508.25,509.52 1 11
github.com/zR-JB/graphite-meter/go/internal/goclient/runner.go:509.52,511.37 2 15
github.com/zR-JB/graphite-meter/go/internal/goclient/runner.go:511.37,512.13 1 2
github.com/zR-JB/graphite-meter/go/internal/goclient/runner.go:514.4,514.43 1 13
github.com/zR-JB/graphite-meter/go/internal/goclient/runner.go:514.43,516.5 1 10
github.com/zR-JB/graphite-meter/go/internal/goclient/runner.go:518.3,519.52 2 1
github.com/zR-JB/graphite-meter/go/internal/goclient/runner.go:519.52,521.37 2 2
github.com/zR-JB/graphite-meter/go/internal/goclient/runner.go:521.37,522.25 1 2
github.com/zR-JB/graphite-meter/go/internal/goclient/runner.go:522.25,524.6 1 1
github.com/zR-JB/graphite-meter/go/internal/goclient/runner.go:525.5,525.18 1 1
github.com/zR-JB/graphite-meter/go/internal/goclient/runner.go:528.3,528.23 1 0
github.com/zR-JB/graphite-meter/go/internal/goclient/runner.go:528.23,530.4 1 0
github.com/zR-JB/graphite-meter/go/internal/goclient/runner.go:532.2,532.51 1 4
github.com/zR-JB/graphite-meter/go/internal/goclient/runner.go:532.51,534.96 2 12
github.com/zR-JB/graphite-meter/go/internal/goclient/runner.go:534.96,536.4 1 3
github.com/zR-JB/graphite-meter/go/internal/goclient/runner.go:538.2,538.60 1 1
github.com/zR-JB/graphite-meter/go/internal/goclient/runner.go:541.53,542.18 1 9
github.com/zR-JB/graphite-meter/go/internal/goclient/runner.go:543.15,544.20 1 6
github.com/zR-JB/graphite-meter/go/internal/goclient/runner.go:545.15,546.14 1 2
github.com/zR-JB/graphite-meter/go/internal/goclient/runner.go:547.15,548.14 1 1
github.com/zR-JB/graphite-meter/go/internal/goclient/runner.go:549.10,550.18 1 0
github.com/zR-JB/graphite-meter/go/internal/goclient/runner.go:554.51,555.18 1 1
github.com/zR-JB/graphite-meter/go/internal/goclient/runner.go:556.30,557.17 1 0
github.com/zR-JB/graphite-meter/go/internal/goclient/runner.go:558.24,559.17 1 1
github.com/zR-JB/graphite-meter/go/internal/goclient/runner.go:560.24,561.17 1 0
github.com/zR-JB/graphite-meter/go/internal/goclient/runner.go:563.2,563.17 1 0
github.com/zR-JB/graphite-meter/go/internal/goclient/runner.go:566.109,570.25 4 12
github.com/zR-JB/graphite-meter/go/internal/goclient/runner.go:570.25,572.58 2 15
github.com/zR-JB/graphite-meter/go/internal/goclient/runner.go:572.58,573.12 1 0
github.com/zR-JB/graphite-meter/go/internal/goclient/runner.go:575.3,575.86 1 15
github.com/zR-JB/graphite-meter/go/internal/goclient/runner.go:575.86,577.4 1 2
github.com/zR-JB/graphite-meter/go/internal/goclient/runner.go:578.3,578.26 1 13
github.com/zR-JB/graphite-meter/go/internal/goclient/runner.go:578.26,580.24 2 13
github.com/zR-JB/graphite-meter/go/internal/goclient/runner.go:580.24,582.5 1 9
github.com/zR-JB/graphite-meter/go/internal/goclient/runner.go:583.4,583.66 1 13
github.com/zR-JB/graphite-meter/go/internal/goclient/runner.go:583.66,585.5 1 8
github.com/zR-JB/graphite-meter/go/internal/goclient/runner.go:588.2,588.25 1 10
github.com/zR-JB/graphite-meter/go/internal/goclient/runner.go:588.25,589.33 1 10
github.com/zR-JB/graphite-meter/go/internal/goclient/runner.go:589.33,591.4 1 8
github.com/zR-JB/graphite-meter/go/internal/goclient/runner.go:592.3,592.26 1 2
github.com/zR-JB/graphite-meter/go/internal/goclient/runner.go:592.26,594.4 1 0
github.com/zR-JB/graphite-meter/go/internal/goclient/runner.go:595.3,595.25 1 2
github.com/zR-JB/graphite-meter/go/internal/goclient/runner.go:595.25,597.4 1 1
github.com/zR-JB/graphite-meter/go/internal/goclient/runner.go:599.2,599.68 1 2
github.com/zR-JB/graphite-meter/go/internal/goclient/runner.go:602.106,604.25 2 14
github.com/zR-JB/graphite-meter/go/internal/goclient/runner.go:604.25,606.47 2 1
github.com/zR-JB/graphite-meter/go/internal/goclient/runner.go:606.47,606.65 1 1
github.com/zR-JB/graphite-meter/go/internal/goclient/runner.go:608.2,610.30 3 13
github.com/zR-JB/graphite-meter/go/internal/goclient/runner.go:610.30,615.3 4 12
github.com/zR-JB/graphite-meter/go/internal/goclient/runner.go:616.2,616.62 1 13
github.com/zR-JB/graphite-meter/go/internal/goclient/stats.go:21.109,25.33 4 12
github.com/zR-JB/graphite-meter/go/internal/goclient/stats.go:25.33,27.21 2 266
github.com/zR-JB/graphite-meter/go/internal/goclient/stats.go:27.21,29.45 2 266
github.com/zR-JB/graphite-meter/go/internal/goclient/stats.go:29.45,31.5 1 0
github.com/zR-JB/graphite-meter/go/internal/goclient/stats.go:32.4,32.46 1 266
github.com/zR-JB/graphite-meter/go/internal/goclient/stats.go:32.46,33.12 1 0
github.com/zR-JB/graphite-meter/go/internal/goclient/stats.go:34.24,34.24 0 0
github.com/zR-JB/graphite-meter/go/internal/goclient/stats.go:35.13,35.13 0 0
github.com/zR-JB/graphite-meter/go/internal/goclient/stats.go:40.2,40.10 1 12
github.com/zR-JB/graphite-meter/go/internal/goclient/stats.go:45.81,46.9 1 12
github.com/zR-JB/graphite-meter/go/internal/goclient/stats.go:47.20,48.19 1 2
github.com/zR-JB/graphite-meter/go/internal/goclient/stats.go:49.23,51.13 2 0
github.com/zR-JB/graphite-meter/go/internal/goclient/stats.go:52.15,53.13 1 10
github.com/zR-JB/graphite-meter/go/internal/goclient/stats.go:58.28,61.2 2 10
github.com/zR-JB/graphite-meter/go/internal/goclient/stats.go:81.63,85.20 4 10
github.com/zR-JB/graphite-meter/go/internal/goclient/stats.go:85.20,89.3 3 3
github.com/zR-JB/graphite-meter/go/internal/goclient/stats.go:90.2,91.6 2 10
github.com/zR-JB/graphite-meter/go/internal/goclient/stats.go:91.6,92.10 1 70
github.com/zR-JB/graphite-meter/go/internal/goclient/stats.go:93.21,95.26 2 7
github.com/zR-JB/graphite-meter/go/internal/goclient/stats.go:95.26,97.5 1 7
github.com/zR-JB/graphite-meter/go/internal/goclient/stats.go:98.4,98.27 1 0
github.com/zR-JB/graphite-meter/go/internal/goclient/stats.go:99.19,101.21 2 3
github.com/zR-JB/graphite-meter/go/internal/goclient/stats.go:102.27,104.21 2 0
github.com/zR-JB/graphite-meter/go/internal/goclient/stats.go:105.26,106.25 1 60
github.com/zR-JB/graphite-meter/go/internal/goclient/stats.go:118.36,119.12 1 63
github.com/zR-JB/graphite-meter/go/internal/goclient/stats.go:119.12,121.3 1 2
github.com/zR-JB/graphite-meter/go/internal/goclient/stats.go:122.2,123.16 2 61
github.com/zR-JB/graphite-meter/go/internal/goclient/stats.go:123.16,125.3 1 29
github.com/zR-JB/graphite-meter/go/internal/goclient/stats.go:128.68,131.2 2 13
github.com/zR-JB/graphite-meter/go/internal/goclient/stats.go:133.81,135.19 2 13
github.com/zR-JB/graphite-meter/go/internal/goclient/stats.go:135.19,137.3 1 12
github.com/zR-JB/graphite-meter/go/internal/goclient/stats.go:138.2,147.3 1 13
github.com/zR-JB/graphite-meter/go/internal/goclient/stats.go:155.58,156.10 1 83
github.com/zR-JB/graphite-meter/go/internal/goclient/stats.go:156.10,159.3 2 20
github.com/zR-JB/graphite-meter/go/internal/goclient/stats.go:160.2,160.13 1 63
github.com/zR-JB/graphite-meter/go/internal/goclient/stats.go:160.13,162.3 1 62
github.com/zR-JB/graphite-meter/go/internal/goclient/stats.go:165.48,166.24 1 8
github.com/zR-JB/graphite-meter/go/internal/goclient/stats.go:166.24,169.16 3 3
github.com/zR-JB/graphite-meter/go/internal/goclient/stats.go:169.16,171.4 1 2
github.com/zR-JB/graphite-meter/go/internal/goclient/stats.go:172.3,172.34 1 3
github.com/zR-JB/graphite-meter/go/internal/goclient/stats.go:174.2,175.37 2 5
github.com/zR-JB/graphite-meter/go/internal/goclient/stats.go:175.37,175.61 1 202
github.com/zR-JB/graphite-meter/go/internal/goclient/stats.go:176.2,177.23 2 5
github.com/zR-JB/graphite-meter/go/internal/goclient/stats.go:177.23,179.3 1 60
github.com/zR-JB/graphite-meter/go/internal/goclient/stats.go:180.2,182.23 3 5
github.com/zR-JB/graphite-meter/go/internal/goclient/stats.go:182.23,183.15 1 60
github.com/zR-JB/graphite-meter/go/internal/goclient/stats.go:183.15,185.4 1 18
github.com/zR-JB/graphite-meter/go/internal/goclient/stats.go:185.9,187.4 1 42
github.com/zR-JB/graphite-meter/go/internal/goclient/stats.go:189.2,191.15 3 5
github.com/zR-JB/graphite-meter/go/internal/goclient/stats.go:191.15,193.3 1 5
github.com/zR-JB/graphite-meter/go/internal/goclient/stats.go:194.2,202.3 1 5
github.com/zR-JB/graphite-meter/go/internal/goclient/stats.go:205.62,206.18 1 20
github.com/zR-JB/graphite-meter/go/internal/goclient/stats.go:206.18,208.3 1 1
github.com/zR-JB/graphite-meter/go/internal/goclient/stats.go:209.2,209.18 1 19
github.com/zR-JB/graphite-meter/go/internal/goclient/stats.go:209.18,211.3 1 4
github.com/zR-JB/graphite-meter/go/internal/goclient/stats.go:212.2,215.19 4 15
github.com/zR-JB/graphite-meter/go/internal/goclient/stats.go:215.19,217.3 1 1
github.com/zR-JB/graphite-meter/go/internal/goclient/stats.go:218.2,219.71 2 14
github.com/zR-JB/graphite-meter/go/internal/goclient/upload.go:22.129,24.16 2 4
github.com/zR-JB/graphite-meter/go/internal/goclient/upload.go:24.16,26.3 1 1
github.com/zR-JB/graphite-meter/go/internal/goclient/upload.go:27.2,28.16 2 3
github.com/zR-JB/graphite-meter/go/internal/goclient/upload.go:28.16,30.3 1 0
github.com/zR-JB/graphite-meter/go/internal/goclient/upload.go:31.2,34.48 3 3
github.com/zR-JB/graphite-meter/go/internal/goclient/upload.go:34.48,36.3 1 0
github.com/zR-JB/graphite-meter/go/internal/goclient/upload.go:38.2,38.75 1 3
github.com/zR-JB/graphite-meter/go/internal/goclient/upload.go:38.75,40.3 1 130
github.com/zR-JB/graphite-meter/go/internal/goclient/upload.go:41.2,42.52 2 3
github.com/zR-JB/graphite-meter/go/internal/goclient/upload.go:42.52,44.3 1 0
github.com/zR-JB/graphite-meter/go/internal/goclient/upload.go:45.2,45.50 1 3
github.com/zR-JB/graphite-meter/go/internal/goclient/upload.go:45.50,47.3 1 0
github.com/zR-JB/graphite-meter/go/internal/goclient/upload.go:48.2,53.49 6 3
github.com/zR-JB/graphite-meter/go/internal/goclient/upload.go:56.68,59.16 3 8
github.com/zR-JB/graphite-meter/go/internal/goclient/upload.go:59.16,61.3 1 0
github.com/zR-JB/graphite-meter/go/internal/goclient/upload.go:62.2,63.16 2 8
github.com/zR-JB/graphite-meter/go/internal/goclient/upload.go:63.16,65.3 1 0
github.com/zR-JB/graphite-meter/go/internal/goclient/upload.go:66.2,67.16 2 8
github.com/zR-JB/graphite-meter/go/internal/goclient/upload.go:67.16,69.3 1 0
github.com/zR-JB/graphite-meter/go/internal/goclient/upload.go:70.2,71.37 2 8
github.com/zR-JB/graphite-meter/go/internal/goclient/upload.go:71.37,73.3 1 2
github.com/zR-JB/graphite-meter/go/internal/goclient/upload.go:74.2,75.63 2 6
github.com/zR-JB/graphite-meter/go/internal/goclient/upload.go:75.63,77.3 1 1
github.com/zR-JB/graphite-meter/go/internal/goclient/upload.go:78.2,78.24 1 5
github.com/zR-JB/graphite-meter/go/internal/goclient/upload.go:78.24,80.3 1 1
github.com/zR-JB/graphite-meter/go/internal/goclient/upload.go:81.2,81.26 1 4
github.com/zR-JB/graphite-meter/go/internal/goclient/upload.go:84.91,87.16 3 133
github.com/zR-JB/graphite-meter/go/internal/goclient/upload.go:87.16,89.3 1 0
github.com/zR-JB/graphite-meter/go/internal/goclient/upload.go:90.2,90.23 1 133
github.com/zR-JB/graphite-meter/go/internal/goclient/upload.go:90.23,92.17 2 167
github.com/zR-JB/graphite-meter/go/internal/goclient/upload.go:92.17,94.4 1 0
github.com/zR-JB/graphite-meter/go/internal/goclient/upload.go:95.3,107.17 8 167
github.com/zR-JB/graphite-meter/go/internal/goclient/upload.go:107.17,109.4 1 0
github.com/zR-JB/graphite-meter/go/internal/goclient/upload.go:110.3,113.17 4 167
github.com/zR-JB/graphite-meter/go/internal/goclient/upload.go:113.17,114.24 1 166
github.com/zR-JB/graphite-meter/go/internal/goclient/upload.go:114.24,116.5 1 132
github.com/zR-JB/graphite-meter/go/internal/goclient/upload.go:117.4,117.12 1 34
github.com/zR-JB/graphite-meter/go/internal/goclient/upload.go:119.3,121.38 3 1
github.com/zR-JB/graphite-meter/go/internal/goclient/upload.go:121.38,123.4 1 1
github.com/zR-JB/graphite-meter/go/internal/goclient/upload.go:125.2,125.12 1 0
github.com/zR-JB/graphite-meter/go/internal/goclient/upload.go:139.51,140.36 1 131137
github.com/zR-JB/graphite-meter/go/internal/goclient/upload.go:140.36,142.3 1 105
github.com/zR-JB/graphite-meter/go/internal/goclient/upload.go:143.2,143.17 1 131032
github.com/zR-JB/graphite-meter/go/internal/goclient/upload.go:143.17,144.24 1 130097
github.com/zR-JB/graphite-meter/go/internal/goclient/upload.go:144.24,146.4 1 2
github.com/zR-JB/graphite-meter/go/internal/goclient/upload.go:147.3,147.51 1 130095
github.com/zR-JB/graphite-meter/go/internal/goclient/upload.go:147.51,149.4 1 1
github.com/zR-JB/graphite-meter/go/internal/goclient/upload.go:151.2,152.17 2 131030
github.com/zR-JB/graphite-meter/go/internal/goclient/upload.go:152.17,156.28 4 131034
github.com/zR-JB/graphite-meter/go/internal/goclient/upload.go:156.28,158.4 1 4461
github.com/zR-JB/graphite-meter/go/internal/goclient/upload.go:160.2,161.15 2 131030
github.com/zR-JB/graphite-meter/go/internal/goclient/upload.go:164.37,164.51 1 167
github.com/zR-JB/graphite-meter/go/internal/goclient/upload.go:187.94,189.16 2 3
github.com/zR-JB/graphite-meter/go/internal/goclient/upload.go:189.16,191.3 1 0
github.com/zR-JB/graphite-meter/go/internal/goclient/upload.go:192.2,193.16 2 3
github.com/zR-JB/graphite-meter/go/internal/goclient/upload.go:193.16,195.3 1 0
github.com/zR-JB/graphite-meter/go/internal/goclient/upload.go:196.2,201.16 6 3
github.com/zR-JB/graphite-meter/go/internal/goclient/upload.go:201.16,204.3 2 0
github.com/zR-JB/graphite-meter/go/internal/goclient/upload.go:205.2,207.16 3 3
github.com/zR-JB/graphite-meter/go/internal/goclient/upload.go:207.16,210.3 2 0
github.com/zR-JB/graphite-meter/go/internal/goclient/upload.go:211.2,211.37 1 3
github.com/zR-JB/graphite-meter/go/internal/goclient/upload.go:211.37,215.3 3 0
github.com/zR-JB/graphite-meter/go/internal/goclient/upload.go:216.2,217.12 2 3
github.com/zR-JB/graphite-meter/go/internal/goclient/upload.go:217.12,221.22 4 3
github.com/zR-JB/graphite-meter/go/internal/goclient/upload.go:221.22,222.33 1 118
github.com/zR-JB/graphite-meter/go/internal/goclient/upload.go:222.33,223.13 1 0
github.com/zR-JB/graphite-meter/go/internal/goclient/upload.go:225.4,226.54 2 118
github.com/zR-JB/graphite-meter/go/internal/goclient/upload.go:226.54,227.13 1 0
github.com/zR-JB/graphite-meter/go/internal/goclient/upload.go:229.4,229.22 1 118
github.com/zR-JB/graphite-meter/go/internal/goclient/upload.go:230.17,231.15 1 3
github.com/zR-JB/graphite-meter/go/internal/goclient/upload.go:231.15,234.6 2 3
github.com/zR-JB/graphite-meter/go/internal/goclient/upload.go:235.32,239.12 4 115
github.com/zR-JB/graphite-meter/go/internal/goclient/upload.go:240.34,240.34 0 6
github.com/zR-JB/graphite-meter/go/internal/goclient/upload.go:241.13,241.13 0 109
github.com/zR-JB/graphite-meter/go/internal/goclient/upload.go:243.17,244.15 1 0
github.com/zR-JB/graphite-meter/go/internal/goclient/upload.go:244.15,246.6 1 0
github.com/zR-JB/graphite-meter/go/internal/goclient/upload.go:247.5,247.11 1 0
github.com/zR-JB/graphite-meter/go/internal/goclient/upload.go:250.3,250.13 1 3
github.com/zR-JB/graphite-meter/go/internal/goclient/upload.go:250.13,251.40 1 0
github.com/zR-JB/graphite-meter/go/internal/goclient/upload.go:251.40,253.5 1 0
github.com/zR-JB/graphite-meter/go/internal/goclient/upload.go:253.10,255.5 1 0
github.com/zR-JB/graphite-meter/go/internal/goclient/upload.go:258.2,258.9 1 3
github.com/zR-JB/graphite-meter/go/internal/goclient/upload.go:259.24,260.17 1 3
github.com/zR-JB/graphite-meter/go/internal/goclient/upload.go:260.17,263.4 2 0
github.com/zR-JB/graphite-meter/go/internal/goclient/upload.go:264.20,266.24 2 0
github.com/zR-JB/graphite-meter/go/internal/goclient/upload.go:268.2,268.15 1 3
github.com/zR-JB/graphite-meter/go/internal/goclient/upload.go:271.75,272.28 1 8
github.com/zR-JB/graphite-meter/go/internal/goclient/upload.go:272.28,273.10 1 5
github.com/zR-JB/graphite-meter/go/internal/goclient/upload.go:274.21,275.16 1 1
github.com/zR-JB/graphite-meter/go/internal/goclient/upload.go:276.17,277.31 1 1
github.com/zR-JB/graphite-meter/go/internal/goclient/upload.go:278.20,278.20 0 3
github.com/zR-JB/graphite-meter/go/internal/goclient/upload.go:281.2,281.13 1 6
github.com/zR-JB/graphite-meter/go/internal/goclient/upload.go:284.34,285.19 1 6
github.com/zR-JB/graphite-meter/go/internal/goclient/upload.go:285.19,289.3 3 3
github.com/zR-JB/graphite-meter/go/internal/goclient/upload.go:292.32,296.16 4 3
github.com/zR-JB/graphite-meter/go/internal/goclient/upload.go:296.16,297.51 1 3
github.com/zR-JB/graphite-meter/go/internal/goclient/upload.go:297.51,299.4 1 3
github.com/zR-JB/graphite-meter/go/internal/goclient/upload.go:301.2,301.9 1 3
github.com/zR-JB/graphite-meter/go/internal/goclient/upload.go:302.16,302.16 0 3
github.com/zR-JB/graphite-meter/go/internal/goclient/upload.go:303.20,303.20 0 0
github.com/zR-JB/graphite-meter/go/internal/goclient/upload.go:305.2,305.11 1 3
github.com/zR-JB/graphite-meter/go/internal/goclient/upload.go:310.198,315.34 2 3
github.com/zR-JB/graphite-meter/go/internal/goclient/upload.go:315.34,317.46 2 3
github.com/zR-JB/graphite-meter/go/internal/goclient/upload.go:317.46,319.5 1 3
github.com/zR-JB/graphite-meter/go/internal/goclient/upload.go:321.49,324.37 3 28
github.com/zR-JB/graphite-meter/go/internal/goclient/upload.go:324.37,326.5 1 6
github.com/zR-JB/graphite-meter/go/internal/goclient/upload.go:327.4,348.6 8 22
github.com/zR-JB/graphite-meter/go/internal/auth/assets.go:25.49,27.35 1 4
github.com/zR-JB/graphite-meter/go/internal/auth/assets.go:27.35,27.70 1 45
github.com/zR-JB/graphite-meter/go/internal/auth/assets.go:28.35,28.72 1 37
github.com/zR-JB/graphite-meter/go/internal/auth/assets.go:30.2,32.49 3 4
github.com/zR-JB/graphite-meter/go/internal/auth/assets.go:37.35,40.2 2 3
github.com/zR-JB/graphite-meter/go/internal/auth/cli.go:24.36,27.2 2 60
github.com/zR-JB/graphite-meter/go/internal/auth/cli.go:28.48,30.34 2 113
github.com/zR-JB/graphite-meter/go/internal/auth/cli.go:30.34,32.3 1 0
github.com/zR-JB/graphite-meter/go/internal/auth/cli.go:33.2,33.83 1 113
github.com/zR-JB/graphite-meter/go/internal/auth/cli.go:36.67,39.32 3 17
github.com/zR-JB/graphite-meter/go/internal/auth/cli.go:39.32,42.3 2 1
github.com/zR-JB/graphite-meter/go/internal/auth/cli.go:43.2,44.41 2 16
github.com/zR-JB/graphite-meter/go/internal/auth/cli.go:44.41,47.3 2 2
github.com/zR-JB/graphite-meter/go/internal/auth/cli.go:48.2,50.32 3 14
github.com/zR-JB/graphite-meter/go/internal/auth/cli.go:50.32,51.29 1 37
github.com/zR-JB/graphite-meter/go/internal/auth/cli.go:51.29,53.4 1 0
github.com/zR-JB/graphite-meter/go/internal/auth/cli.go:55.2,56.14 2 14
github.com/zR-JB/graphite-meter/go/internal/auth/cli.go:56.14,58.33 2 13
github.com/zR-JB/graphite-meter/go/internal/auth/cli.go:58.33,59.30 1 36
github.com/zR-JB/graphite-meter/go/internal/auth/cli.go:59.30,61.5 1 36
github.com/zR-JB/graphite-meter/go/internal/auth/cli.go:63.3,63.44 1 13
github.com/zR-JB/graphite-meter/go/internal/auth/cli.go:63.44,68.4 4 1
github.com/zR-JB/graphite-meter/go/internal/auth/cli.go:69.3,70.29 2 12
github.com/zR-JB/graphite-meter/go/internal/auth/cli.go:72.2,75.120 4 13
github.com/zR-JB/graphite-meter/go/internal/auth/cli.go:78.70,81.38 3 6
github.com/zR-JB/graphite-meter/go/internal/auth/cli.go:81.38,84.3 2 0
github.com/zR-JB/graphite-meter/go/internal/auth/cli.go:85.2,86.143 2 6
github.com/zR-JB/graphite-meter/go/internal/auth/cli.go:86.143,89.3 2 2
github.com/zR-JB/graphite-meter/go/internal/auth/cli.go:90.2,93.70 4 4
github.com/zR-JB/graphite-meter/go/internal/auth/cli.go:93.70,97.3 3 3
github.com/zR-JB/graphite-meter/go/internal/auth/cli.go:98.2,102.70 5 1
github.com/zR-JB/graphite-meter/go/internal/auth/cli.go:105.68,111.88 4 23
github.com/zR-JB/graphite-meter/go/internal/auth/cli.go:111.88,114.3 2 0
github.com/zR-JB/graphite-meter/go/internal/auth/cli.go:115.2,120.119 6 23
github.com/zR-JB/graphite-meter/go/internal/auth/cli.go:120.119,124.3 3 2
github.com/zR-JB/graphite-meter/go/internal/auth/cli.go:125.2,126.16 2 21
github.com/zR-JB/graphite-meter/go/internal/auth/cli.go:126.16,130.3 3 0
github.com/zR-JB/graphite-meter/go/internal/auth/cli.go:134.2,136.32 3 21
github.com/zR-JB/graphite-meter/go/internal/auth/cli.go:136.32,137.37 1 12
github.com/zR-JB/graphite-meter/go/internal/auth/cli.go:137.37,140.9 3 12
github.com/zR-JB/graphite-meter/go/internal/auth/cli.go:143.2,148.83 6 21
github.com/zR-JB/graphite-meter/go/internal/auth/cli.go:150.60,154.2 3 2
github.com/zR-JB/graphite-meter/go/internal/auth/handlers.go:13.69,16.16 3 20
github.com/zR-JB/graphite-meter/go/internal/auth/handlers.go:16.16,19.3 2 0
github.com/zR-JB/graphite-meter/go/internal/auth/handlers.go:20.2,29.39 3 20
github.com/zR-JB/graphite-meter/go/internal/auth/handlers.go:32.73,34.56 2 3
github.com/zR-JB/graphite-meter/go/internal/auth/handlers.go:34.56,37.3 2 0
github.com/zR-JB/graphite-meter/go/internal/auth/handlers.go:38.2,39.38 2 3
github.com/zR-JB/graphite-meter/go/internal/auth/handlers.go:39.38,42.3 2 0
github.com/zR-JB/graphite-meter/go/internal/auth/handlers.go:43.2,43.44 1 3
github.com/zR-JB/graphite-meter/go/internal/auth/handlers.go:43.44,46.3 2 0
github.com/zR-JB/graphite-meter/go/internal/auth/handlers.go:47.2,47.24 1 3
github.com/zR-JB/graphite-meter/go/internal/auth/handlers.go:47.24,50.3 2 0
github.com/zR-JB/graphite-meter/go/internal/auth/handlers.go:51.2,51.9 1 3
github.com/zR-JB/graphite-meter/go/internal/auth/handlers.go:52.29,53.16 1 3
github.com/zR-JB/graphite-meter/go/internal/auth/handlers.go:53.16,53.29 1 3
github.com/zR-JB/graphite-meter/go/internal/auth/handlers.go:54.10,56.9 2 0
github.com/zR-JB/graphite-meter/go/internal/auth/handlers.go:58.2,58.62 1 3
github.com/zR-JB/graphite-meter/go/internal/auth/handlers.go:58.62,61.3 2 0
github.com/zR-JB/graphite-meter/go/internal/auth/handlers.go:62.2,63.16 2 3
github.com/zR-JB/graphite-meter/go/internal/auth/handlers.go:63.16,66.3 2 0
github.com/zR-JB/graphite-meter/go/internal/auth/handlers.go:67.2,73.70 7 3
github.com/zR-JB/graphite-meter/go/internal/auth/handlers.go:73.70,75.3 1 0
github.com/zR-JB/graphite-meter/go/internal/auth/handlers.go:76.2,76.48 1 3
github.com/zR-JB/graphite-meter/go/internal/auth/handlers.go:83.85,87.70 4 21
github.com/zR-JB/graphite-meter/go/internal/auth/handlers.go:87.70,89.3 1 1
github.com/zR-JB/graphite-meter/go/internal/auth/handlers.go:90.2,90.68 1 21
github.com/zR-JB/graphite-meter/go/internal/auth/handlers.go:93.71,96.9 3 1
github.com/zR-JB/graphite-meter/go/internal/auth/handlers.go:96.9,99.3 2 0
github.com/zR-JB/graphite-meter/go/internal/auth/handlers.go:100.2,101.133 2 1
github.com/zR-JB/graphite-meter/go/internal/auth/handlers.go:104.66,107.38 3 2
github.com/zR-JB/graphite-meter/go/internal/auth/handlers.go:107.38,110.3 2 0
github.com/zR-JB/graphite-meter/go/internal/auth/handlers.go:111.2,112.131 2 2
github.com/zR-JB/graphite-meter/go/internal/auth/handlers.go:112.131,115.3 2 0
github.com/zR-JB/graphite-meter/go/internal/auth/handlers.go:116.2,117.35 2 2
github.com/zR-JB/graphite-meter/go/internal/auth/handlers.go:117.35,119.3 1 1
github.com/zR-JB/graphite-meter/go/internal/auth/handlers.go:119.8,121.3 1 1
github.com/zR-JB/graphite-meter/go/internal/auth/handlers.go:122.2,127.70 6 2
github.com/zR-JB/graphite-meter/go/internal/auth/headers.go:12.37,18.2 5 144
github.com/zR-JB/graphite-meter/go/internal/auth/headers.go:27.53,29.31 2 165
github.com/zR-JB/graphite-meter/go/internal/auth/headers.go:29.31,31.3 1 16
github.com/zR-JB/graphite-meter/go/internal/auth/headers.go:32.2,32.235 1 165
github.com/zR-JB/graphite-meter/go/internal/auth/headers.go:35.55,37.19 2 37
github.com/zR-JB/graphite-meter/go/internal/auth/headers.go:37.19,39.3 1 20
github.com/zR-JB/graphite-meter/go/internal/auth/headers.go:42.50,60.2 6 32
github.com/zR-JB/graphite-meter/go/internal/auth/headers.go:65.86,66.60 1 6
github.com/zR-JB/graphite-meter/go/internal/auth/headers.go:66.60,69.3 2 2
github.com/zR-JB/graphite-meter/go/internal/auth/headers.go:70.2,71.44 2 4
github.com/zR-JB/graphite-meter/go/internal/auth/headers.go:71.44,74.3 2 2
github.com/zR-JB/graphite-meter/go/internal/auth/headers.go:75.2,75.89 1 2
github.com/zR-JB/graphite-meter/go/internal/auth/headers.go:75.89,77.84 2 3
github.com/zR-JB/graphite-meter/go/internal/auth/headers.go:77.84,80.4 2 1
github.com/zR-JB/graphite-meter/go/internal/auth/headers.go:82.2,90.37 9 1
github.com/zR-JB/graphite-meter/go/internal/auth/headers.go:96.50,97.14 1 16
github.com/zR-JB/graphite-meter/go/internal/auth/headers.go:98.43,99.34 1 6
github.com/zR-JB/graphite-meter/go/internal/auth/headers.go:100.36,101.35 1 4
github.com/zR-JB/graphite-meter/go/internal/auth/headers.go:102.26,103.65 1 1
github.com/zR-JB/graphite-meter/go/internal/auth/headers.go:104.18,105.34 1 1
github.com/zR-JB/graphite-meter/go/internal/auth/headers.go:107.2,107.14 1 4
github.com/zR-JB/graphite-meter/go/internal/auth/login.go:19.37,20.13 1 20
github.com/zR-JB/graphite-meter/go/internal/auth/login.go:21.31,22.13 1 0
github.com/zR-JB/graphite-meter/go/internal/auth/login.go:24.2,24.11 1 20
github.com/zR-JB/graphite-meter/go/internal/auth/login.go:27.82,30.2 2 20
github.com/zR-JB/graphite-meter/go/internal/auth/login.go:34.63,35.71 1 0
github.com/zR-JB/graphite-meter/go/internal/auth/login.go:35.71,36.50 1 0
github.com/zR-JB/graphite-meter/go/internal/auth/login.go:36.50,39.4 2 0
github.com/zR-JB/graphite-meter/go/internal/auth/login.go:40.3,45.5 1 0
github.com/zR-JB/graphite-meter/go/internal/auth/oidc.go:67.82,69.2 1 17
github.com/zR-JB/graphite-meter/go/internal/auth/oidc.go:70.34,70.98 3 22
github.com/zR-JB/graphite-meter/go/internal/auth/oidc.go:71.50,76.42 5 20
github.com/zR-JB/graphite-meter/go/internal/auth/oidc.go:76.42,78.3 1 4
github.com/zR-JB/graphite-meter/go/internal/auth/oidc.go:79.2,79.34 1 16
github.com/zR-JB/graphite-meter/go/internal/auth/oidc.go:84.76,86.36 2 45
github.com/zR-JB/graphite-meter/go/internal/auth/oidc.go:86.36,91.3 1 45
github.com/zR-JB/graphite-meter/go/internal/auth/oidc.go:92.2,92.18 1 45
github.com/zR-JB/graphite-meter/go/internal/auth/oidc.go:95.40,96.163 1 28
github.com/zR-JB/graphite-meter/go/internal/auth/oidc.go:96.163,98.3 1 1
github.com/zR-JB/graphite-meter/go/internal/auth/oidc.go:101.92,105.16 4 14
github.com/zR-JB/graphite-meter/go/internal/auth/oidc.go:105.16,109.3 3 0
github.com/zR-JB/graphite-meter/go/internal/auth/oidc.go:110.2,115.40 2 14
github.com/zR-JB/graphite-meter/go/internal/auth/oidc.go:115.40,118.3 2 0
github.com/zR-JB/graphite-meter/go/internal/auth/oidc.go:119.2,120.137 2 14
github.com/zR-JB/graphite-meter/go/internal/auth/oidc.go:120.137,123.3 2 0
github.com/zR-JB/graphite-meter/go/internal/auth/oidc.go:124.2,129.8 2 14
github.com/zR-JB/graphite-meter/go/internal/auth/oidc.go:134.43,134.76 1 0
github.com/zR-JB/graphite-meter/go/internal/auth/oidc.go:136.60,142.9 6 0
github.com/zR-JB/graphite-meter/go/internal/auth/oidc.go:143.48,144.21 1 0
github.com/zR-JB/graphite-meter/go/internal/auth/oidc.go:145.40,146.23 1 0
github.com/zR-JB/graphite-meter/go/internal/auth/oidc.go:147.31,148.29 1 0
github.com/zR-JB/graphite-meter/go/internal/auth/oidc.go:149.28,150.17 1 0
github.com/zR-JB/graphite-meter/go/internal/auth/oidc.go:151.68,152.30 1 0
github.com/zR-JB/graphite-meter/go/internal/auth/oidc.go:153.10,155.26 2 0
github.com/zR-JB/graphite-meter/go/internal/auth/oidc.go:155.26,157.4 1 0
github.com/zR-JB/graphite-meter/go/internal/auth/oidc.go:159.2,159.42 1 0
github.com/zR-JB/graphite-meter/go/internal/auth/oidc.go:162.45,163.15 1 0
github.com/zR-JB/graphite-meter/go/internal/auth/oidc.go:163.15,165.3 1 0
github.com/zR-JB/graphite-meter/go/internal/auth/oidc.go:168.55,175.2 6 14
github.com/zR-JB/graphite-meter/go/internal/auth/oidc.go:176.40,179.2 2 76
github.com/zR-JB/graphite-meter/go/internal/auth/oidc.go:180.70,182.16 2 0
github.com/zR-JB/graphite-meter/go/internal/auth/oidc.go:182.16,185.3 2 0
github.com/zR-JB/graphite-meter/go/internal/auth/oidc.go:186.2,188.34 3 0
github.com/zR-JB/graphite-meter/go/internal/auth/oidc.go:191.74,194.6 3 0
github.com/zR-JB/graphite-meter/go/internal/auth/oidc.go:194.6,196.17 2 0
github.com/zR-JB/graphite-meter/go/internal/auth/oidc.go:196.17,203.4 6 0
github.com/zR-JB/graphite-meter/go/internal/auth/oidc.go:204.3,204.25 1 0
github.com/zR-JB/graphite-meter/go/internal/auth/oidc.go:204.25,207.4 2 0
github.com/zR-JB/graphite-meter/go/internal/auth/oidc.go:207.9,209.4 1 0
github.com/zR-JB/graphite-meter/go/internal/auth/oidc.go:210.3,210.10 1 0
github.com/zR-JB/graphite-meter/go/internal/auth/oidc.go:211.21,215.10 4 0
github.com/zR-JB/graphite-meter/go/internal/auth/oidc.go:216.28,216.28 0 0
github.com/zR-JB/graphite-meter/go/internal/auth/oidc.go:218.3,218.26 1 0
github.com/zR-JB/graphite-meter/go/internal/auth/oidc.go:218.26,220.27 2 0
github.com/zR-JB/graphite-meter/go/internal/auth/oidc.go:220.27,222.5 1 0
github.com/zR-JB/graphite-meter/go/internal/auth/oidc.go:227.69,229.38 2 15
github.com/zR-JB/graphite-meter/go/internal/auth/oidc.go:229.38,232.3 2 0
github.com/zR-JB/graphite-meter/go/internal/auth/oidc.go:233.2,234.38 2 15
github.com/zR-JB/graphite-meter/go/internal/auth/oidc.go:234.38,237.3 2 0
github.com/zR-JB/graphite-meter/go/internal/auth/oidc.go:238.2,238.44 1 15
github.com/zR-JB/graphite-meter/go/internal/auth/oidc.go:238.44,241.3 2 0
github.com/zR-JB/graphite-meter/go/internal/auth/oidc.go:242.2,243.16 2 15
github.com/zR-JB/graphite-meter/go/internal/auth/oidc.go:243.16,246.3 2 0
github.com/zR-JB/graphite-meter/go/internal/auth/oidc.go:247.2,248.16 2 15
github.com/zR-JB/graphite-meter/go/internal/auth/oidc.go:248.16,251.3 2 0
github.com/zR-JB/graphite-meter/go/internal/auth/oidc.go:252.2,254.16 3 15
github.com/zR-JB/graphite-meter/go/internal/auth/oidc.go:254.16,257.3 2 0
github.com/zR-JB/graphite-meter/go/internal/auth/oidc.go:258.2,261.9 4 15
github.com/zR-JB/graphite-meter/go/internal/auth/oidc.go:261.9,264.3 2 0
github.com/zR-JB/graphite-meter/go/internal/auth/oidc.go:265.2,267.51 3 15
github.com/zR-JB/graphite-meter/go/internal/auth/oidc.go:267.51,270.3 2 0
github.com/zR-JB/graphite-meter/go/internal/auth/oidc.go:271.2,274.25 4 15
github.com/zR-JB/graphite-meter/go/internal/auth/oidc.go:274.25,275.29 1 0
github.com/zR-JB/graphite-meter/go/internal/auth/oidc.go:275.29,277.4 1 0
github.com/zR-JB/graphite-meter/go/internal/auth/oidc.go:279.2,280.25 2 15
github.com/zR-JB/graphite-meter/go/internal/auth/oidc.go:280.25,281.25 1 0
github.com/zR-JB/graphite-meter/go/internal/auth/oidc.go:281.25,283.4 1 0
github.com/zR-JB/graphite-meter/go/internal/auth/oidc.go:285.2,286.54 2 15
github.com/zR-JB/graphite-meter/go/internal/auth/oidc.go:286.54,289.13 3 0
github.com/zR-JB/graphite-meter/go/internal/auth/oidc.go:289.13,291.4 1 0
github.com/zR-JB/graphite-meter/go/internal/auth/oidc.go:292.3,293.9 2 0
github.com/zR-JB/graphite-meter/go/internal/auth/oidc.go:295.2,295.44 1 15
github.com/zR-JB/graphite-meter/go/internal/auth/oidc.go:295.44,299.3 3 0
github.com/zR-JB/graphite-meter/go/internal/auth/oidc.go:300.2,309.52 10 15
github.com/zR-JB/graphite-meter/go/internal/auth/oidc.go:312.58,315.2 2 36
github.com/zR-JB/graphite-meter/go/internal/auth/oidc.go:316.31,317.17 1 50
github.com/zR-JB/graphite-meter/go/internal/auth/oidc.go:317.17,319.3 1 1
github.com/zR-JB/graphite-meter/go/internal/auth/oidc.go:320.2,320.13 1 49
github.com/zR-JB/graphite-meter/go/internal/auth/oidc.go:323.72,328.62 5 16
github.com/zR-JB/graphite-meter/go/internal/auth/oidc.go:328.62,331.3 2 1
github.com/zR-JB/graphite-meter/go/internal/auth/oidc.go:332.2,334.16 3 15
github.com/zR-JB/graphite-meter/go/internal/auth/oidc.go:334.16,337.3 2 0
github.com/zR-JB/graphite-meter/go/internal/auth/oidc.go:338.2,342.8 5 15
github.com/zR-JB/graphite-meter/go/internal/auth/oidc.go:342.8,344.3 1 14
github.com/zR-JB/graphite-meter/go/internal/auth/oidc.go:345.2,347.43 3 15
github.com/zR-JB/graphite-meter/go/internal/auth/oidc.go:347.43,351.3 3 0
github.com/zR-JB/graphite-meter/go/internal/auth/oidc.go:352.2,352.127 1 15
github.com/zR-JB/graphite-meter/go/internal/auth/oidc.go:352.127,356.3 3 1
github.com/zR-JB/graphite-meter/go/internal/auth/oidc.go:357.2,358.116 2 14
github.com/zR-JB/graphite-meter/go/internal/auth/oidc.go:358.116,361.3 2 1
github.com/zR-JB/graphite-meter/go/internal/auth/oidc.go:366.2,366.25 1 13
github.com/zR-JB/graphite-meter/go/internal/auth/oidc.go:366.25,369.3 2 0
github.com/zR-JB/graphite-meter/go/internal/auth/oidc.go:370.2,374.16 5 13
github.com/zR-JB/graphite-meter/go/internal/auth/oidc.go:374.16,377.3 2 1
github.com/zR-JB/graphite-meter/go/internal/auth/oidc.go:378.2,379.9 2 12
github.com/zR-JB/graphite-meter/go/internal/auth/oidc.go:379.9,382.3 2 0
github.com/zR-JB/graphite-meter/go/internal/auth/oidc.go:383.2,384.16 2 12
github.com/zR-JB/graphite-meter/go/internal/auth/oidc.go:384.16,387.3 2 4
github.com/zR-JB/graphite-meter/go/internal/auth/oidc.go:388.2,394.80 2 8
github.com/zR-JB/graphite-meter/go/internal/auth/oidc.go:394.80,397.3 2 1
github.com/zR-JB/graphite-meter/go/internal/auth/oidc.go:398.2,398.27 1 7
github.com/zR-JB/graphite-meter/go/internal/auth/oidc.go:398.27,399.70 1 7
github.com/zR-JB/graphite-meter/go/internal/auth/oidc.go:399.70,402.4 2 1
github.com/zR-JB/graphite-meter/go/internal/auth/oidc.go:404.2,405.49 2 6
github.com/zR-JB/graphite-meter/go/internal/auth/oidc.go:405.49,408.3 2 2
github.com/zR-JB/graphite-meter/go/internal/auth/oidc.go:409.2,414.100 2 4
github.com/zR-JB/graphite-meter/go/internal/auth/oidc.go:414.100,415.17 1 1
github.com/zR-JB/graphite-meter/go/internal/auth/oidc.go:415.17,417.4 1 1
github.com/zR-JB/graphite-meter/go/internal/auth/oidc.go:418.3,419.9 2 1
github.com/zR-JB/graphite-meter/go/internal/auth/oidc.go:421.2,421.36 1 3
github.com/zR-JB/graphite-meter/go/internal/auth/oidc.go:421.36,424.3 2 0
github.com/zR-JB/graphite-meter/go/internal/auth/oidc.go:425.2,426.16 2 3
github.com/zR-JB/graphite-meter/go/internal/auth/oidc.go:426.16,428.3 1 0
github.com/zR-JB/graphite-meter/go/internal/auth/oidc.go:429.2,429.16 1 3
github.com/zR-JB/graphite-meter/go/internal/auth/oidc.go:429.16,431.3 1 0
github.com/zR-JB/graphite-meter/go/internal/auth/oidc.go:432.2,432.16 1 3
github.com/zR-JB/graphite-meter/go/internal/auth/oidc.go:432.16,434.3 1 0
github.com/zR-JB/graphite-meter/go/internal/auth/oidc.go:435.2,435.16 1 3
github.com/zR-JB/graphite-meter/go/internal/auth/oidc.go:435.16,437.3 1 0
github.com/zR-JB/graphite-meter/go/internal/auth/oidc.go:438.2,440.16 3 3
github.com/zR-JB/graphite-meter/go/internal/auth/oidc.go:440.16,443.3 2 0
github.com/zR-JB/graphite-meter/go/internal/auth/oidc.go:444.2,444.17 1 3
github.com/zR-JB/graphite-meter/go/internal/auth/oidc.go:444.17,446.3 1 0
github.com/zR-JB/graphite-meter/go/internal/auth/oidc.go:447.2,451.49 5 3
github.com/zR-JB/graphite-meter/go/internal/auth/oidc.go:460.86,461.32 1 5
github.com/zR-JB/graphite-meter/go/internal/auth/oidc.go:461.32,463.3 1 4
github.com/zR-JB/graphite-meter/go/internal/auth/oidc.go:464.2,465.95 2 5
github.com/zR-JB/graphite-meter/go/internal/auth/oidc.go:471.88,474.2 2 13
github.com/zR-JB/graphite-meter/go/internal/auth/oidc.go:476.34,477.33 1 3
github.com/zR-JB/graphite-meter/go/internal/auth/oidc.go:477.33,479.3 1 0
github.com/zR-JB/graphite-meter/go/internal/auth/oidc.go:480.2,480.22 1 3
github.com/zR-JB/graphite-meter/go/internal/auth/oidc.go:480.22,481.27 1 21
github.com/zR-JB/graphite-meter/go/internal/auth/oidc.go:481.27,483.4 1 0
github.com/zR-JB/graphite-meter/go/internal/auth/oidc.go:485.2,485.13 1 3
github.com/zR-JB/graphite-meter/go/internal/auth/oidc.go:487.39,489.22 2 3
github.com/zR-JB/graphite-meter/go/internal/auth/oidc.go:489.22,490.27 1 36
github.com/zR-JB/graphite-meter/go/internal/auth/oidc.go:490.27,491.12 1 0
github.com/zR-JB/graphite-meter/go/internal/auth/oidc.go:493.3,493.35 1 36
github.com/zR-JB/graphite-meter/go/internal/auth/oidc.go:493.35,494.9 1 0
github.com/zR-JB/graphite-meter/go/internal/auth/oidc.go:496.3,496.17 1 36
github.com/zR-JB/graphite-meter/go/internal/auth/oidc.go:498.2,498.18 1 3
github.com/zR-JB/graphite-meter/go/internal/auth/oidc.go:498.18,500.3 1 0
github.com/zR-JB/graphite-meter/go/internal/auth/oidc.go:501.2,501.19 1 3
github.com/zR-JB/graphite-meter/go/internal/auth/oidc.go:504.50,505.27 1 4
github.com/zR-JB/graphite-meter/go/internal/auth/oidc.go:505.27,506.32 1 4
github.com/zR-JB/graphite-meter/go/internal/auth/oidc.go:506.32,507.17 1 4
github.com/zR-JB/graphite-meter/go/internal/auth/oidc.go:507.17,509.5 1 3
github.com/zR-JB/graphite-meter/go/internal/auth/oidc.go:512.2,512.14 1 1
github.com/zR-JB/graphite-meter/go/internal/auth/password.go:27.52,28.51 1 61
github.com/zR-JB/graphite-meter/go/internal/auth/password.go:28.51,30.3 1 3
github.com/zR-JB/graphite-meter/go/internal/auth/password.go:31.2,32.43 2 58
github.com/zR-JB/graphite-meter/go/internal/auth/password.go:32.43,34.3 1 0
github.com/zR-JB/graphite-meter/go/internal/auth/password.go:35.2,37.153 3 58
github.com/zR-JB/graphite-meter/go/internal/auth/password.go:40.64,42.69 2 67
github.com/zR-JB/graphite-meter/go/internal/auth/password.go:42.69,44.3 1 2
github.com/zR-JB/graphite-meter/go/internal/auth/password.go:45.2,46.22 2 65
github.com/zR-JB/graphite-meter/go/internal/auth/password.go:46.22,48.3 1 0
github.com/zR-JB/graphite-meter/go/internal/auth/password.go:49.2,53.28 2 65
github.com/zR-JB/graphite-meter/go/internal/auth/password.go:53.28,54.49 1 192
github.com/zR-JB/graphite-meter/go/internal/auth/password.go:54.49,56.4 1 0
github.com/zR-JB/graphite-meter/go/internal/auth/password.go:57.3,58.36 2 192
github.com/zR-JB/graphite-meter/go/internal/auth/password.go:58.36,60.4 1 3
github.com/zR-JB/graphite-meter/go/internal/auth/password.go:62.2,64.45 3 62
github.com/zR-JB/graphite-meter/go/internal/auth/password.go:64.45,66.3 1 0
github.com/zR-JB/graphite-meter/go/internal/auth/password.go:67.2,68.43 2 62
github.com/zR-JB/graphite-meter/go/internal/auth/password.go:68.43,70.3 1 0
github.com/zR-JB/graphite-meter/go/internal/auth/password.go:71.2,71.23 1 62
github.com/zR-JB/graphite-meter/go/internal/auth/password.go:74.52,76.53 2 6
github.com/zR-JB/graphite-meter/go/internal/auth/password.go:76.53,78.3 1 0
github.com/zR-JB/graphite-meter/go/internal/auth/password.go:79.2,80.58 2 6
github.com/zR-JB/graphite-meter/go/internal/auth/password.go:83.46,84.48 1 67
github.com/zR-JB/graphite-meter/go/internal/auth/password.go:84.48,86.3 1 0
github.com/zR-JB/graphite-meter/go/internal/auth/password.go:87.2,87.43 1 67
github.com/zR-JB/graphite-meter/go/internal/auth/password.go:87.43,89.3 1 3
github.com/zR-JB/graphite-meter/go/internal/auth/password.go:90.2,90.12 1 64
github.com/zR-JB/graphite-meter/go/internal/auth/password.go:95.73,96.38 1 0
github.com/zR-JB/graphite-meter/go/internal/auth/password.go:96.38,100.3 3 0
github.com/zR-JB/graphite-meter/go/internal/auth/password.go:101.2,102.33 2 0
github.com/zR-JB/graphite-meter/go/internal/auth/password.go:102.33,104.3 1 0
github.com/zR-JB/graphite-meter/go/internal/auth/password.go:105.2,105.46 1 0
github.com/zR-JB/graphite-meter/go/internal/auth/ratelimit.go:42.40,44.16 2 2598
github.com/zR-JB/graphite-meter/go/internal/auth/ratelimit.go:44.16,45.44 1 22
github.com/zR-JB/graphite-meter/go/internal/auth/ratelimit.go:45.44,47.4 1 22
github.com/zR-JB/graphite-meter/go/internal/auth/ratelimit.go:49.2,49.22 1 2576
github.com/zR-JB/graphite-meter/go/internal/auth/ratelimit.go:56.132,57.69 1 2578
github.com/zR-JB/graphite-meter/go/internal/auth/ratelimit.go:57.69,58.27 1 101
github.com/zR-JB/graphite-meter/go/internal/auth/ratelimit.go:58.27,60.25 2 206848
github.com/zR-JB/graphite-meter/go/internal/auth/ratelimit.go:60.25,62.5 1 0
github.com/zR-JB/graphite-meter/go/internal/auth/ratelimit.go:62.10,64.5 1 206848
github.com/zR-JB/graphite-meter/go/internal/auth/ratelimit.go:66.3,66.34 1 101
github.com/zR-JB/graphite-meter/go/internal/auth/ratelimit.go:66.34,69.4 2 101
github.com/zR-JB/graphite-meter/go/internal/auth/ratelimit.go:71.2,72.25 2 2477
github.com/zR-JB/graphite-meter/go/internal/auth/ratelimit.go:72.25,74.3 1 61
github.com/zR-JB/graphite-meter/go/internal/auth/ratelimit.go:75.2,75.20 1 2416
github.com/zR-JB/graphite-meter/go/internal/auth/ratelimit.go:81.54,83.9 2 381
github.com/zR-JB/graphite-meter/go/internal/auth/ratelimit.go:83.9,85.3 1 0
github.com/zR-JB/graphite-meter/go/internal/auth/ratelimit.go:86.2,91.9 6 381
github.com/zR-JB/graphite-meter/go/internal/auth/ratelimit.go:91.9,93.3 1 59
github.com/zR-JB/graphite-meter/go/internal/auth/ratelimit.go:94.2,95.48 2 322
github.com/zR-JB/graphite-meter/go/internal/auth/ratelimit.go:95.48,98.3 2 121
github.com/zR-JB/graphite-meter/go/internal/auth/ratelimit.go:99.2,101.13 3 201
github.com/zR-JB/graphite-meter/go/internal/auth/ratelimit.go:109.55,111.9 2 2197
github.com/zR-JB/graphite-meter/go/internal/auth/ratelimit.go:111.9,113.3 1 0
github.com/zR-JB/graphite-meter/go/internal/auth/ratelimit.go:114.2,119.9 6 2197
github.com/zR-JB/graphite-meter/go/internal/auth/ratelimit.go:119.9,121.3 1 103
github.com/zR-JB/graphite-meter/go/internal/auth/ratelimit.go:122.2,123.13 2 2094
github.com/zR-JB/graphite-meter/go/internal/auth/ratelimit.go:129.65,130.81 1 222
github.com/zR-JB/graphite-meter/go/internal/auth/ratelimit.go:130.81,132.3 1 217
github.com/zR-JB/graphite-meter/go/internal/auth/ratelimit.go:133.2,134.111 2 5
github.com/zR-JB/graphite-meter/go/internal/auth/ratelimit.go:139.59,143.2 3 0
github.com/zR-JB/graphite-meter/go/internal/auth/ratelimit.go:146.70,149.62 3 209647
github.com/zR-JB/graphite-meter/go/internal/auth/ratelimit.go:149.62,151.3 1 140
github.com/zR-JB/graphite-meter/go/internal/auth/ratelimit.go:152.2,152.25 1 209647
github.com/zR-JB/graphite-meter/go/internal/auth/reasons.go:88.35,89.37 1 50
github.com/zR-JB/graphite-meter/go/internal/auth/reasons.go:89.37,91.3 1 16
github.com/zR-JB/graphite-meter/go/internal/auth/reasons.go:92.2,92.22 1 34
github.com/zR-JB/graphite-meter/go/internal/auth/reasons.go:97.37,98.21 1 29
github.com/zR-JB/graphite-meter/go/internal/auth/reasons.go:99.22,100.24 1 2
github.com/zR-JB/graphite-meter/go/internal/auth/reasons.go:101.18,102.20 1 2
github.com/zR-JB/graphite-meter/go/internal/auth/reasons.go:103.19,104.21 1 2
github.com/zR-JB/graphite-meter/go/internal/auth/reasons.go:105.23,106.25 1 2
github.com/zR-JB/graphite-meter/go/internal/auth/reasons.go:107.22,108.24 1 2
github.com/zR-JB/graphite-meter/go/internal/auth/reasons.go:109.10,110.12 1 9
github.com/zR-JB/graphite-meter/go/internal/auth/reasons.go:112.2,112.22 1 10
github.com/zR-JB/graphite-meter/go/internal/auth/reasons.go:132.43,133.29 1 21
github.com/zR-JB/graphite-meter/go/internal/auth/reasons.go:134.24,135.30 1 1
github.com/zR-JB/graphite-meter/go/internal/auth/reasons.go:136.30,137.36 1 3
github.com/zR-JB/graphite-meter/go/internal/auth/reasons.go:138.19,138.19 0 17
github.com/zR-JB/graphite-meter/go/internal/auth/service.go:107.110,109.23 2 71
github.com/zR-JB/graphite-meter/go/internal/auth/service.go:109.23,111.3 1 2
github.com/zR-JB/graphite-meter/go/internal/auth/service.go:112.2,114.16 3 69
github.com/zR-JB/graphite-meter/go/internal/auth/service.go:114.16,116.3 1 0
github.com/zR-JB/graphite-meter/go/internal/auth/service.go:117.2,117.52 1 69
github.com/zR-JB/graphite-meter/go/internal/auth/service.go:117.52,119.17 2 55
github.com/zR-JB/graphite-meter/go/internal/auth/service.go:119.17,121.4 1 0
github.com/zR-JB/graphite-meter/go/internal/auth/service.go:122.3,122.65 1 55
github.com/zR-JB/graphite-meter/go/internal/auth/service.go:122.65,124.4 1 0
github.com/zR-JB/graphite-meter/go/internal/auth/service.go:125.3,125.56 1 55
github.com/zR-JB/graphite-meter/go/internal/auth/service.go:127.2,128.48 2 69
github.com/zR-JB/graphite-meter/go/internal/auth/service.go:128.48,130.15 2 14
github.com/zR-JB/graphite-meter/go/internal/auth/service.go:130.15,132.4 1 0
github.com/zR-JB/graphite-meter/go/internal/auth/service.go:133.3,134.25 2 14
github.com/zR-JB/graphite-meter/go/internal/auth/service.go:134.25,136.18 2 14
github.com/zR-JB/graphite-meter/go/internal/auth/service.go:136.18,138.5 1 0
github.com/zR-JB/graphite-meter/go/internal/auth/service.go:139.4,140.47 2 14
github.com/zR-JB/graphite-meter/go/internal/auth/service.go:141.9,143.4 1 0
github.com/zR-JB/graphite-meter/go/internal/auth/service.go:145.2,148.15 4 69
github.com/zR-JB/graphite-meter/go/internal/auth/service.go:151.43,152.15 1 77
github.com/zR-JB/graphite-meter/go/internal/auth/service.go:152.15,154.3 1 0
github.com/zR-JB/graphite-meter/go/internal/auth/service.go:157.67,158.18 1 70
github.com/zR-JB/graphite-meter/go/internal/auth/service.go:158.18,160.3 1 69
github.com/zR-JB/graphite-meter/go/internal/auth/service.go:161.2,162.16 2 1
github.com/zR-JB/graphite-meter/go/internal/auth/service.go:162.16,164.3 1 0
github.com/zR-JB/graphite-meter/go/internal/auth/service.go:165.2,167.16 3 1
github.com/zR-JB/graphite-meter/go/internal/auth/service.go:167.16,169.3 1 0
github.com/zR-JB/graphite-meter/go/internal/auth/service.go:170.2,170.27 1 1
github.com/zR-JB/graphite-meter/go/internal/auth/service.go:170.27,172.3 1 0
github.com/zR-JB/graphite-meter/go/internal/auth/service.go:173.2,174.13 2 1
github.com/zR-JB/graphite-meter/go/internal/auth/service.go:174.13,176.3 1 0
github.com/zR-JB/graphite-meter/go/internal/auth/service.go:177.2,177.15 1 1
github.com/zR-JB/graphite-meter/go/internal/auth/service.go:180.34,180.64 1 44
github.com/zR-JB/graphite-meter/go/internal/auth/service.go:182.41,183.21 1 0
github.com/zR-JB/graphite-meter/go/internal/auth/service.go:183.21,185.3 1 0
github.com/zR-JB/graphite-meter/go/internal/auth/service.go:186.2,186.26 1 0
github.com/zR-JB/graphite-meter/go/internal/auth/service.go:191.45,192.18 1 15
github.com/zR-JB/graphite-meter/go/internal/auth/service.go:192.18,196.3 3 1
github.com/zR-JB/graphite-meter/go/internal/auth/service.go:197.2,198.56 2 14
github.com/zR-JB/graphite-meter/go/internal/auth/service.go:198.56,200.3 1 13
github.com/zR-JB/graphite-meter/go/internal/auth/service.go:201.2,201.52 1 14
github.com/zR-JB/graphite-meter/go/internal/auth/service.go:201.52,204.3 2 2
github.com/zR-JB/graphite-meter/go/internal/auth/service.go:205.2,211.41 7 14
github.com/zR-JB/graphite-meter/go/internal/auth/service.go:216.55,220.6 4 69
github.com/zR-JB/graphite-meter/go/internal/auth/service.go:220.6,221.10 1 69
github.com/zR-JB/graphite-meter/go/internal/auth/service.go:222.21,223.10 1 14
github.com/zR-JB/graphite-meter/go/internal/auth/service.go:224.14,226.22 2 0
github.com/zR-JB/graphite-meter/go/internal/auth/service.go:226.22,227.13 1 0
github.com/zR-JB/graphite-meter/go/internal/auth/service.go:229.4,230.26 2 0
github.com/zR-JB/graphite-meter/go/internal/auth/service.go:230.26,232.5 1 0
github.com/zR-JB/graphite-meter/go/internal/auth/service.go:233.4,234.267 2 0
github.com/zR-JB/graphite-meter/go/internal/auth/session.go:38.110,41.44 3 47
github.com/zR-JB/graphite-meter/go/internal/auth/session.go:41.44,43.3 1 43
github.com/zR-JB/graphite-meter/go/internal/auth/session.go:44.2,45.16 2 47
github.com/zR-JB/graphite-meter/go/internal/auth/session.go:45.16,47.3 1 0
github.com/zR-JB/graphite-meter/go/internal/auth/session.go:48.2,50.16 3 47
github.com/zR-JB/graphite-meter/go/internal/auth/session.go:50.16,52.3 1 0
github.com/zR-JB/graphite-meter/go/internal/auth/session.go:53.2,59.31 7 47
github.com/zR-JB/graphite-meter/go/internal/auth/session.go:59.31,60.27 1 44
github.com/zR-JB/graphite-meter/go/internal/auth/session.go:60.27,62.4 1 42
github.com/zR-JB/graphite-meter/go/internal/auth/session.go:64.2,64.38 1 47
github.com/zR-JB/graphite-meter/go/internal/auth/session.go:64.38,64.86 1 54
github.com/zR-JB/graphite-meter/go/internal/auth/session.go:65.2,65.36 1 47
github.com/zR-JB/graphite-meter/go/internal/auth/session.go:65.36,67.3 1 1
github.com/zR-JB/graphite-meter/go/internal/auth/session.go:68.2,68.36 1 47
github.com/zR-JB/graphite-meter/go/internal/auth/session.go:68.36,72.3 3 0
github.com/zR-JB/graphite-meter/go/internal/auth/session.go:73.2,74.23 2 47
github.com/zR-JB/graphite-meter/go/internal/auth/session.go:79.54,81.33 2 10
github.com/zR-JB/graphite-meter/go/internal/auth/session.go:81.33,83.3 1 5
github.com/zR-JB/graphite-meter/go/internal/auth/session.go:84.2,84.47 1 10
github.com/zR-JB/graphite-meter/go/internal/auth/session.go:84.47,85.31 1 0
github.com/zR-JB/graphite-meter/go/internal/auth/session.go:85.31,87.4 1 0
github.com/zR-JB/graphite-meter/go/internal/auth/session.go:89.2,89.15 1 10
github.com/zR-JB/graphite-meter/go/internal/auth/session.go:98.67,100.34 2 2
github.com/zR-JB/graphite-meter/go/internal/auth/session.go:100.34,101.30 1 5
github.com/zR-JB/graphite-meter/go/internal/auth/session.go:101.30,103.4 1 4
github.com/zR-JB/graphite-meter/go/internal/auth/session.go:105.2,105.31 1 2
github.com/zR-JB/graphite-meter/go/internal/auth/session.go:105.31,107.3 1 4
github.com/zR-JB/graphite-meter/go/internal/auth/session.go:108.2,108.21 1 2
github.com/zR-JB/graphite-meter/go/internal/auth/session.go:115.64,118.51 3 3
github.com/zR-JB/graphite-meter/go/internal/auth/session.go:118.51,120.3 1 2
github.com/zR-JB/graphite-meter/go/internal/auth/session.go:123.47,124.34 1 47
github.com/zR-JB/graphite-meter/go/internal/auth/session.go:124.34,125.32 1 44
github.com/zR-JB/graphite-meter/go/internal/auth/session.go:125.32,127.4 1 0
github.com/zR-JB/graphite-meter/go/internal/auth/session.go:131.46,134.6 3 69
github.com/zR-JB/graphite-meter/go/internal/auth/session.go:134.6,135.10 1 69
github.com/zR-JB/graphite-meter/go/internal/auth/session.go:136.21,137.10 1 14
github.com/zR-JB/graphite-meter/go/internal/auth/session.go:138.14,141.17 3 0
github.com/zR-JB/graphite-meter/go/internal/auth/session.go:146.41,148.42 2 281
github.com/zR-JB/graphite-meter/go/internal/auth/session.go:148.42,150.3 1 0
github.com/zR-JB/graphite-meter/go/internal/auth/session.go:151.2,151.53 1 281
github.com/zR-JB/graphite-meter/go/internal/auth/session.go:156.85,158.2 1 28
github.com/zR-JB/graphite-meter/go/internal/auth/session.go:164.76,167.2 1 7
github.com/zR-JB/graphite-meter/go/internal/auth/session.go:171.83,173.2 1 17
github.com/zR-JB/graphite-meter/go/internal/auth/session.go:175.52,177.2 1 16
github.com/zR-JB/graphite-meter/go/internal/auth/session.go:179.54,181.2 1 13
github.com/zR-JB/graphite-meter/go/internal/auth/trust.go:27.55,28.18 1 48
github.com/zR-JB/graphite-meter/go/internal/auth/trust.go:28.18,30.3 1 30
github.com/zR-JB/graphite-meter/go/internal/auth/trust.go:31.2,32.52 2 18
github.com/zR-JB/graphite-meter/go/internal/auth/trust.go:32.52,34.3 1 2
github.com/zR-JB/graphite-meter/go/internal/auth/trust.go:35.2,38.55 4 16
github.com/zR-JB/graphite-meter/go/internal/auth/trust.go:44.54,46.48 2 38
github.com/zR-JB/graphite-meter/go/internal/auth/trust.go:46.48,48.3 1 15
github.com/zR-JB/graphite-meter/go/internal/auth/trust.go:49.2,49.32 1 23
github.com/zR-JB/graphite-meter/go/internal/auth/trust.go:52.34,54.2 1 38
github.com/zR-JB/graphite-meter/go/internal/auth/trust.go:56.42,58.16 2 30
github.com/zR-JB/graphite-meter/go/internal/auth/trust.go:58.16,60.3 1 0
github.com/zR-JB/graphite-meter/go/internal/auth/trust.go:61.2,61.21 1 30
github.com/zR-JB/graphite-meter/go/internal/auth/trust.go:64.50,66.16 2 2623
github.com/zR-JB/graphite-meter/go/internal/auth/trust.go:66.16,68.3 1 0
github.com/zR-JB/graphite-meter/go/internal/auth/trust.go:69.2,69.50 1 2623
github.com/zR-JB/graphite-meter/go/internal/auth/trust.go:72.59,73.16 1 2623
github.com/zR-JB/graphite-meter/go/internal/auth/trust.go:73.16,75.3 1 0
github.com/zR-JB/graphite-meter/go/internal/auth/trust.go:76.2,76.23 1 2623
github.com/zR-JB/graphite-meter/go/internal/auth/trust.go:76.23,77.20 1 30
github.com/zR-JB/graphite-meter/go/internal/auth/trust.go:77.20,79.4 1 26
github.com/zR-JB/graphite-meter/go/internal/auth/trust.go:81.2,81.14 1 2597
github.com/zR-JB/graphite-meter/go/internal/auth/trust.go:88.73,90.16 2 2605
github.com/zR-JB/graphite-meter/go/internal/auth/trust.go:90.16,92.3 1 0
github.com/zR-JB/graphite-meter/go/internal/auth/trust.go:93.2,94.38 2 2605
github.com/zR-JB/graphite-meter/go/internal/auth/trust.go:94.38,96.3 1 2595
github.com/zR-JB/graphite-meter/go/internal/auth/trust.go:97.2,97.78 1 10
github.com/zR-JB/graphite-meter/go/internal/auth/trust.go:97.78,99.3 1 4
github.com/zR-JB/graphite-meter/go/internal/auth/trust.go:100.2,102.16 3 6
github.com/zR-JB/graphite-meter/go/internal/auth/trust.go:102.16,104.3 1 4
github.com/zR-JB/graphite-meter/go/internal/auth/trust.go:105.2,105.27 1 2
github.com/zR-JB/graphite-meter/go/internal/auth/trust.go:110.73,111.14 1 26
github.com/zR-JB/graphite-meter/go/internal/auth/trust.go:111.14,113.3 1 0
github.com/zR-JB/graphite-meter/go/internal/auth/trust.go:114.2,114.83 1 26
github.com/zR-JB/graphite-meter/go/internal/auth/trust.go:114.83,116.3 1 2
github.com/zR-JB/graphite-meter/go/internal/auth/trust.go:117.2,117.56 1 24
github.com/zR-JB/graphite-meter/go/internal/auth/trust.go:117.56,118.73 1 13
github.com/zR-JB/graphite-meter/go/internal/auth/trust.go:118.73,120.4 1 1
github.com/zR-JB/graphite-meter/go/internal/auth/trust.go:121.3,121.69 1 12
github.com/zR-JB/graphite-meter/go/internal/auth/trust.go:121.69,123.4 1 1
github.com/zR-JB/graphite-meter/go/internal/auth/trust.go:125.2,125.119 1 22
github.com/zR-JB/graphite-meter/go/internal/auth/trust.go:125.119,126.101 1 14
github.com/zR-JB/graphite-meter/go/internal/auth/trust.go:126.101,128.4 1 3
github.com/zR-JB/graphite-meter/go/internal/auth/trust.go:132.2,132.77 1 19
github.com/zR-JB/graphite-meter/go/internal/auth/trust.go:132.77,134.3 1 1
github.com/zR-JB/graphite-meter/go/internal/auth/trust.go:135.2,135.97 1 18
github.com/zR-JB/graphite-meter/go/internal/auth/trust.go:135.97,136.50 1 6
github.com/zR-JB/graphite-meter/go/internal/auth/trust.go:136.50,138.4 1 1
github.com/zR-JB/graphite-meter/go/internal/auth/trust.go:139.3,139.123 1 5
github.com/zR-JB/graphite-meter/go/internal/auth/trust.go:139.123,141.4 1 3
github.com/zR-JB/graphite-meter/go/internal/auth/trust.go:143.2,143.13 1 14
github.com/zR-JB/graphite-meter/go/internal/auth/trust.go:149.75,151.18 2 25
github.com/zR-JB/graphite-meter/go/internal/auth/trust.go:151.18,153.3 1 1
github.com/zR-JB/graphite-meter/go/internal/auth/trust.go:154.2,154.33 1 24
github.com/zR-JB/graphite-meter/go/internal/auth/trust.go:154.33,156.3 1 2
github.com/zR-JB/graphite-meter/go/internal/auth/trust.go:157.2,158.16 2 22
github.com/zR-JB/graphite-meter/go/internal/auth/trust.go:158.16,160.3 1 1
github.com/zR-JB/graphite-meter/go/internal/auth/trust.go:161.2,162.13 2 21
github.com/zR-JB/graphite-meter/go/internal/auth/trust.go:162.13,164.3 1 1
github.com/zR-JB/graphite-meter/go/internal/auth/trust.go:165.2,165.32 1 20
github.com/zR-JB/graphite-meter/go/internal/auth/trust.go:165.32,167.3 1 1
github.com/zR-JB/graphite-meter/go/internal/auth/trust.go:168.2,168.17 1 19
github.com/zR-JB/graphite-meter/go/internal/auth/trust.go:171.38,173.2 1 32
github.com/zR-JB/graphite-meter/go/internal/auth/wrap.go:38.78,39.18 1 29
github.com/zR-JB/graphite-meter/go/internal/auth/wrap.go:39.18,41.3 1 1
github.com/zR-JB/graphite-meter/go/internal/auth/wrap.go:42.2,42.71 1 28
github.com/zR-JB/graphite-meter/go/internal/auth/wrap.go:42.71,44.99 2 39
github.com/zR-JB/graphite-meter/go/internal/auth/wrap.go:44.99,47.4 2 0
github.com/zR-JB/graphite-meter/go/internal/auth/wrap.go:48.3,48.15 1 39
github.com/zR-JB/graphite-meter/go/internal/auth/wrap.go:48.15,50.4 1 31
github.com/zR-JB/graphite-meter/go/internal/auth/wrap.go:51.3,51.77 1 39
github.com/zR-JB/graphite-meter/go/internal/auth/wrap.go:51.77,55.4 3 2
github.com/zR-JB/graphite-meter/go/internal/auth/wrap.go:56.3,56.71 1 39
github.com/zR-JB/graphite-meter/go/internal/auth/wrap.go:56.71,59.4 2 0
github.com/zR-JB/graphite-meter/go/internal/auth/wrap.go:60.3,60.108 1 39
github.com/zR-JB/graphite-meter/go/internal/auth/wrap.go:60.108,63.4 2 9
github.com/zR-JB/graphite-meter/go/internal/auth/wrap.go:64.3,65.13 2 30
github.com/zR-JB/graphite-meter/go/internal/auth/wrap.go:65.13,66.33 1 5
github.com/zR-JB/graphite-meter/go/internal/auth/wrap.go:66.33,69.5 2 0
github.com/zR-JB/graphite-meter/go/internal/auth/wrap.go:70.4,71.10 2 5
github.com/zR-JB/graphite-meter/go/internal/auth/wrap.go:73.3,73.16 1 25
github.com/zR-JB/graphite-meter/go/internal/auth/wrap.go:73.16,76.4 2 0
github.com/zR-JB/graphite-meter/go/internal/auth/wrap.go:77.3,78.10 2 25
github.com/zR-JB/graphite-meter/go/internal/auth/wrap.go:78.10,81.4 2 5
github.com/zR-JB/graphite-meter/go/internal/auth/wrap.go:82.3,82.50 1 20
github.com/zR-JB/graphite-meter/go/internal/auth/wrap.go:82.50,85.4 2 1
github.com/zR-JB/graphite-meter/go/internal/auth/wrap.go:86.3,86.23 1 19
github.com/zR-JB/graphite-meter/go/internal/auth/wrap.go:86.23,88.52 2 19
github.com/zR-JB/graphite-meter/go/internal/auth/wrap.go:88.52,88.79 1 1
github.com/zR-JB/graphite-meter/go/internal/auth/wrap.go:89.4,89.17 1 19
github.com/zR-JB/graphite-meter/go/internal/auth/wrap.go:89.17,89.40 2 19
github.com/zR-JB/graphite-meter/go/internal/auth/wrap.go:90.4,90.64 1 19
github.com/zR-JB/graphite-meter/go/internal/auth/wrap.go:91.9,93.4 1 0
github.com/zR-JB/graphite-meter/go/internal/auth/wrap.go:94.3,94.34 1 19
github.com/zR-JB/graphite-meter/go/internal/auth/wrap.go:94.34,97.4 2 11
github.com/zR-JB/graphite-meter/go/internal/auth/wrap.go:98.3,98.23 1 8
github.com/zR-JB/graphite-meter/go/internal/auth/wrap.go:104.63,105.133 1 13
github.com/zR-JB/graphite-meter/go/internal/auth/wrap.go:105.133,107.3 1 3
github.com/zR-JB/graphite-meter/go/internal/auth/wrap.go:108.2,108.115 1 10
github.com/zR-JB/graphite-meter/go/internal/auth/wrap.go:108.115,110.3 1 2
github.com/zR-JB/graphite-meter/go/internal/auth/wrap.go:111.2,111.179 1 8
github.com/zR-JB/graphite-meter/go/internal/auth/wrap.go:117.43,118.14 1 36
github.com/zR-JB/graphite-meter/go/internal/auth/wrap.go:119.105,120.14 1 32
github.com/zR-JB/graphite-meter/go/internal/auth/wrap.go:122.2,122.14 1 4
github.com/zR-JB/graphite-meter/go/internal/auth/wrap.go:130.73,131.51 1 3
github.com/zR-JB/graphite-meter/go/internal/auth/wrap.go:131.51,133.3 1 1
github.com/zR-JB/graphite-meter/go/internal/auth/wrap.go:136.67,137.53 1 41
github.com/zR-JB/graphite-meter/go/internal/auth/wrap.go:137.53,138.41 1 2
github.com/zR-JB/graphite-meter/go/internal/auth/wrap.go:138.41,140.4 1 0
github.com/zR-JB/graphite-meter/go/internal/auth/wrap.go:141.3,141.65 1 2
github.com/zR-JB/graphite-meter/go/internal/auth/wrap.go:143.2,144.16 2 39
github.com/zR-JB/graphite-meter/go/internal/auth/wrap.go:144.16,146.3 1 6
github.com/zR-JB/graphite-meter/go/internal/auth/wrap.go:147.2,152.38 6 33
github.com/zR-JB/graphite-meter/go/internal/auth/wrap.go:152.38,153.9 1 0
github.com/zR-JB/graphite-meter/go/internal/auth/wrap.go:153.9,155.4 1 0
github.com/zR-JB/graphite-meter/go/internal/auth/wrap.go:156.3,156.28 1 0
github.com/zR-JB/graphite-meter/go/internal/auth/wrap.go:158.2,158.127 1 33
github.com/zR-JB/graphite-meter/go/internal/auth/wrap.go:161.67,163.94 2 4
github.com/zR-JB/graphite-meter/go/internal/auth/wrap.go:163.94,165.3 1 0
github.com/zR-JB/graphite-meter/go/internal/auth/wrap.go:166.2,171.70 6 4
github.com/zR-JB/graphite-meter/go/internal/auth/wrap.go:171.70,173.3 1 3
github.com/zR-JB/graphite-meter/go/internal/auth/wrap.go:174.2,174.27 1 1
github.com/zR-JB/graphite-meter/go/internal/auth/wrap.go:179.96,181.68 2 5
github.com/zR-JB/graphite-meter/go/internal/auth/wrap.go:181.68,188.3 6 1
github.com/zR-JB/graphite-meter/go/internal/auth/wrap.go:189.2,191.40 3 5
github.com/zR-JB/graphite-meter/go/internal/auth/wrap.go:191.40,193.3 1 5
github.com/zR-JB/graphite-meter/go/internal/auth/wrap.go:194.2,194.68 1 5
github.com/zR-JB/graphite-meter/go/internal/auth/wrap.go:194.68,198.3 3 1
github.com/zR-JB/graphite-meter/go/internal/auth/wrap.go:199.2,199.37 1 4
github.com/zR-JB/graphite-meter/go/internal/auth/wrap.go:202.39,205.2 2 33
github.com/zR-JB/graphite-meter/go/internal/auth/wrap.go:207.66,210.2 2 9
github.com/zR-JB/graphite-meter/go/internal/auth/wrap.go:214.45,216.2 1 2
